CNN,Street/Corridor,Present_Side,Missing_Side,Present_Day,Present_Time,Present_Limits,Verification_Status,Opposite_Side_Schedule,Notes
111000,01st St,R,L,Wed,0-2,Folsom St  -  Guy Pl,,,
130000,02nd St,R,L,Tues,3-5,Stevenson St  -  Jessie St,,,
132000,02nd St,R,L,Wed,3-5,Mission St  -  Minna St,,,
131000,02nd St,R,L,Thu,3-5,Jessie St  -  Mission St,,,
129000,02nd St,R,L,Thu,3-5,Market St  -  Stevenson St,,,
134000,02nd St,R,L,Tues,3-5,Natoma St  -  Howard St,,,
133000,02nd St,R,L,Tues,3-5,Minna St  -  Natoma St,,,
207101,03rd St,L,R,Wed,2-6,Newhall St  -  Kirkwood Ave,,,
204101,03rd St,L,R,Tues,2-6,Galvez Ave  -  Hudson Ave,,,
205201,03rd St,R,L,Wed,2-6,Hudson Ave  -  Innes Ave,,,
216201,03rd St,R,L,Fri,4-6,Shafter Ave  -  Thomas Ave,,,
208101,03rd St,L,R,Sun,2-6,Kirkwood Ave  -  La Salle Ave,,,
211201,03rd St,R,L,Thu,2-6,Newcomb Ave  -  Oakdale Ave,,,
191201,03rd St,R,L,Fri,2-6,22nd St  -  23rd St,,,
224101,03rd St,L,R,Thu,2-6,Bancroft Ave  -  Carroll Ave,,,
185203,03rd St,R,L,Sun,2-6,Start:  Block  -  End:  Block,,,
212101,03rd St,L,R,Sun,2-6,Oakdale Ave  -  Palou Ave,,,
218201,03rd St,R,L,Sun,2-6,Thornton Ave  -  Underwood Ave,,,
231201,03rd St,R,L,Sun,2-6,Jamestown Ave  -  Key Ave,,,
200201,03rd St,R,L,Mon,4-6,Custer Ave  -  Phelps St,,,
185207,03rd St,R,L,Fri,0-6,Start:  Block  -  South Street,,,
207201,03rd St,R,L,Fri,4-6,Newhall St  -  Kirkwood Ave,,,
185105,03rd St,L,R,Wed,2-6,Start:  Block  -  16th St,,,
184201,03rd St,R,L,Fri,0-6,Channel    -  Mission Rock St,,,
194101,03rd St,L,R,Tues,2-6,25th St  -  26th St,,,
185204,03rd St,R,L,Fri,0-6,Start:  Block  -  Nelson Rising Ln,,,
225102,03rd St,L,R,Tues,2-6,Donner Ave  -  Egbert Ave,,,
189201,03rd St,R,L,Sun,2-6,19th St  -  20th St,,,
206201,03rd St,R,L,Thu,2-6,Innes Ave  -  Newhall St,,,
185104,03rd St,L,R,Sun,2-6,Mission Bay South Blvd  -  End:  Block,,,
223101,03rd St,L,R,Tues,2-6,Armstrong Ave  -  Bancroft Ave,,,
186201,03rd St,R,L,Mon,2-6,16th St  -  Mariposa St,,,
212201,03rd St,R,L,Mon,4-6,Oakdale Ave  -  Palou Ave,,,
199201,03rd St,R,L,Wed,2-6,Burke Ave  -  Custer Ave,,,
220201,03rd St,R,L,Holiday,2-6,Williams Ave  -  Lane St,,,
218101,03rd St,L,R,Wed,2-6,Thornton Ave  -  Underwood Ave,,,
184101,03rd St,L,R,Fri,2-6,Channel    -  Mission Rock St,,,
225101,03rd St,L,R,Tues,2-6,Carroll Ave  -  Donner Ave,,,
213101,03rd St,L,R,Holiday,2-6,Palou Ave  -  Quesada Ave,,,
202101,03rd St,L,R,Thu,2-6,Evans Ave  -  Fairfax Ave,,,
227103,03rd St,L,R,Mon,4-6,Keith St  -  Gilman Ave,,,
221101,03rd St,L,R,Wed,2-6,Lane St  -  Yosemite Ave,,,
211101,03rd St,L,R,Thu,2-6,Newcomb Ave  -  Oakdale Ave,,,
200202,03rd St,R,L,Tues,2-6,Phelps St  -  Davidson Ave,,,
229201,03rd St,R,L,Sat,2-6,Hollister Ave  -  Ingerson Ave,,,
208201,03rd St,R,L,Tues,2-6,Kirkwood Ave  -  La Salle Ave,,,
233101,03rd St,L,R,Wed,9-11,Le Conte Ave  -  Bay Shore Blvd,,,
205101,03rd St,L,R,Thu,2-6,Hudson Ave  -  Innes Ave,,,
198201,03rd St,R,L,Sat,2-6,Cargo Way  -  Burke Ave,,,
223201,03rd St,R,L,Mon,4-6,Armstrong Ave  -  Bancroft Ave,,,
189101,03rd St,L,R,Tues,2-6,19th St  -  20th St,,,
226201,03rd St,R,L,Sun,2-6,Egbert Ave  -  Fitzgerald Ave,,,
231101,03rd St,L,R,Sun,2-6,Jamestown Ave  -  Key Ave,,,
203101,03rd St,L,R,Wed,2-6,Fairfax Ave  -  Galvez Ave,,,
203201,03rd St,R,L,Thu,2-6,Fairfax Ave  -  Galvez Ave,,,
222201,03rd St,R,L,Tues,2-6,Yosemite Ave  -  Armstrong Ave,,,
224201,03rd St,R,L,Mon,4-6,Bancroft Ave  -  Carroll Ave,,,
217201,03rd St,R,L,Thu,2-6,Thomas Ave  -  Thornton Ave,,,
192201,03rd St,R,L,Mon,2-6,23rd St  -  24th St,,,
226101,03rd St,L,R,Sun,2-6,Egbert Ave  -  Fitzgerald Ave,,,
209201,03rd St,R,L,Holiday,2-6,La Salle Ave  -  McKinnon Ave,,,
185206,03rd St,R,L,Sun,2-6,Start:  Block  -  16th St,,,
227102,03rd St,L,R,Tues,2-6,Fitzgerald Ave  -  Keith St,,,
219101,03rd St,L,R,Wed,2-6,Underwood Ave  -  Williams Ave,,,
204201,03rd St,R,L,Thu,2-6,Galvez Ave  -  Hudson Ave,,,
185103,03rd St,L,R,Thu,2-6,Start:  Block  -  Mission Bay South Blvd,,,
202201,03rd St,R,L,Holiday,2-6,Evans Ave  -  Fairfax Ave,,,
220102,03rd St,L,R,Holiday,2-6,Lane St  -  Lane St,,,
199101,03rd St,L,R,Sun,2-6,Burke Ave  -  Custer Ave,,,
217101,03rd St,L,R,Thu,2-6,Thomas Ave  -  Thornton Ave,,,
215201,03rd St,R,L,Thu,2-6,Revere Ave  -  Shafter Ave,,,
190201,03rd St,R,L,Fri,2-6,20th St  -  22nd St,,,
214101,03rd St,L,R,Tues,2-6,Quesada Ave  -  Revere Ave,,,
198101,03rd St,L,R,Sat,2-6,Cargo Way  -  Burke Ave,,,
228201,03rd St,R,L,Holiday,2-6,Gilman Ave  -  Hollister Ave,,,
197101,03rd St,L,R,Sat,2-6,Marin St  -  Cargo Way,,,
232101,03rd St,L,R,Wed,8-10,Key Ave  -  Le Conte Ave,,,
193201,03rd St,R,L,Wed,2-6,24th St  -  25th St,,,
187201,03rd St,R,L,Mon,2-6,Mariposa St  -  18th St,,,
227201,03rd St,R,L,Tues,2-6,Fitzgerald Ave  -  Gilman Ave,,,
188201,03rd St,R,L,Sat,2-6,18th St  -  19th St,,,
209101,03rd St,L,R,Mon,4-6,La Salle Ave  -  McKinnon Ave,,,
232201,03rd St,R,L,Mon,8-10,Key Ave  -  Le Conte Ave,,,
185102,03rd St,L,R,Thu,2-6,Start:  Block  -  End:  Block,,,
197201,03rd St,R,L,Tues,2-6,Marin St  -  Cargo Way,,,
194201,03rd St,R,L,Mon,2-6,25th St  -  26th St,,,
200101,03rd St,L,R,Holiday,2-6,Custer Ave  -  Davidson Ave,,,
206102,03rd St,L,R,Holiday,2-6,Newhall St  -  Newhall St,,,
213201,03rd St,R,L,Sun,2-6,Palou Ave  -  Quesada Ave,,,
225201,03rd St,R,L,Thu,2-6,Carroll Ave  -  Egbert Ave,,,
215101,03rd St,L,R,Wed,2-6,Revere Ave  -  Shafter Ave,,,
185101,03rd St,L,R,Mon,2-6,Mission Rock St  -  End:  Block,,,
214201,03rd St,R,L,Wed,2-6,Quesada Ave  -  Revere Ave,,,
206101,03rd St,L,R,Mon,4-6,Innes Ave  -  Newhall St,,,
230201,03rd St,R,L,Sun,2-6,Ingerson Ave  -  Salinas Ave,,,
228101,03rd St,L,R,Sat,2-6,Gilman Ave  -  Hollister Ave,,,
191101,03rd St,L,R,Thu,2-6,22nd St  -  23rd St,,,
185201,03rd St,R,L,Mon,0-2,Mission Rock St  -  End:  Block,,,
210101,03rd St,L,R,Tues,2-6,McKinnon Ave  -  Newcomb Ave,,,
221201,03rd St,R,L,Sat,2-6,Lane St  -  Yosemite Ave,,,
230202,03rd St,R,L,Sat,2-6,Salinas Ave  -  Jamestown Ave,,,
220101,03rd St,L,R,Mon,4-6,Williams Ave  -  Lane St,,,
195101,03rd St,L,R,Sun,2-6,26th St  -  Cesar Chavez St,,,
185208,03rd St,R,L,Mon,0-2,Start:  Block  -  Campus Way,,,
185202,03rd St,R,L,Mon,0-2,Start:  Block  -  End:  Block,,,
210201,03rd St,R,L,Fri,4-6,McKinnon Ave  -  Newcomb Ave,,,
216101,03rd St,L,R,Wed,2-6,Shafter Ave  -  Thomas Ave,,,
190101,03rd St,L,R,Tues,2-6,20th St  -  22nd St,,,
193101,03rd St,L,R,Tues,2-6,24th St  -  25th St,,,
219201,03rd St,R,L,Tues,2-6,Underwood Ave  -  Williams Ave,,,
222101,03rd St,L,R,Mon,4-6,Yosemite Ave  -  Armstrong Ave,,,
229101,03rd St,L,R,Sun,2-6,Hollister Ave  -  Ingerson Ave,,,
195201,03rd St,R,L,Sun,2-6,26th St  -  Cesar Chavez St,,,
230101,03rd St,L,R,Sun,2-6,Ingerson Ave  -  Jamestown Ave,,,
186101,03rd St,L,R,Sat,2-6,16th St  -  Mariposa St,,,
192101,03rd St,L,R,Thu,2-6,23rd St  -  24th St,,,
187101,03rd St,L,R,Thu,2-6,Mariposa St  -  18th St,,,
188101,03rd St,L,R,Thu,2-6,18th St  -  19th St,,,
19980000,04th St,L,R,Tues,0-2,hannel St - Channel,,,
325000,06th Ave,L,R,Wed,12-14,Kirkham St  -  Locksley Ave,,,
342000,06th St,R,L,Tues,0-2,Bluxome St  -  Townsend St,,,
380000,07th St,L,R,Thu,0-6,Channel St  -  Hooper St,,,
380001,07th St,R,L,Mon,0-6,Channel St  -  End: 1001-1048 Block,,,
380002,07th St,R,L,Mon,0-6,Start: 1051-1098 Block  -  Hooper St,,,
402000,08th Ave,R,L,Tues,8-10,Ortega St  -  Linares Ave,,,
444101,09th Ave,L,R,Tues,9-11,09th Ave  -  Unnamed #031,,,
444202,09th Ave,R,L,Fri,8-10,Unnamed 030  -  09th Ave,,,
444201,09th Ave,R,L,Fri,8-10,09th Ave  -  Unnamed #030,,,
444102,09th Ave,L,R,Tues,9-11,Unnamed 031  -  09th Ave,,,
550101,13th St,L,R,Fri,0-2,Folsom St  -  South Van Ness Ave,,,
549201,13th St,R,L,Fri,0-6,Harrison St  -  Bernice St,,,
548201,13th St,R,L,Fri,0-6,Bryant St  -  Harrison St,,,
550201,13th St,R,L,Mon,0-2,Folsom St  -  South Van Ness Ave,,,
551102,13th St,L,R,Thu,0-6,Hwy 101 S On Ramp  -  Mission St,,,
551101,13th St,L,R,Thu,0-6,South Van Ness Ave  -  Hwy 101 S On Ramp,,,
551201,13th St,R,L,Wed,0-6,South Van Ness Ave  -  Mission St,,,
549203,13th St,R,L,Wed,0-6,Isis St  -  Folsom St,,,
549202,13th St,R,L,Wed,0-6,Bernice St  -  Isis St,,,
549102,13th St,L,R,Thu,0-6,Trainor St  -  Folsom St,,,
548101,13th St,L,R,Tues,0-6,Bryant St  -  Harrison St,,,
549101,13th St,L,R,Thu,0-6,Harrison St  -  Trainor St,,,
568101,14th Ave,L,R,Fri,9-11,Pacheco St  -  Aerial Way,,,
569202,14th Ave,R,L,Tues,12-14,Mandalay Ln  -  Fanning Way,,,
563202,14th Ave,R,L,Tues,9-11,Encinal Walk  -  Noriega St,,,
563102,14th Ave,L,R,Fri,9-11,Moraga St  -  Noriega St,,,
569203,14th Ave,R,L,Tues,12-14,Fanning Way  -  Quintara St,,,
568201,14th Ave,R,L,Tues,12-14,Pacheco St  -  Radio Ter,,,
563201,14th Ave,R,L,Tues,9-11,Aloha Ave  -  Encinal Walk,,,
569101,14th Ave,L,R,Fri,9-11,Radio Ter  -  Quintara St,,,
569201,14th Ave,R,L,Tues,12-14,Radio Ter  -  Mandalay Ln,,,
564000,14th Ave,L,R,Tues,9-11,Noriega St  -  Noriega St,,,
563101,14th Ave,L,R,Fri,9-11,15th Ave  -  Moraga St,,,
568102,14th Ave,L,R,Fri,9-11,Aerial Way  -  Radio Ter,,,
595000,14th St,L,R,Tues,9-11,Market St  -  Church St,,,
618102,15th Ave,L,R,Tues,9-11,Encinal Walk  -  Noriega St,,,
618202,15th Ave,R,L,Fri,9-11,Moraga St  -  Noriega St,,,
618201,15th Ave,R,L,Fri,9-11,14th Ave  -  Moraga St,,,
618101,15th Ave,L,R,Tues,9-11,14th Ave  -  Encinal Walk,,,
633000,15th St,R,L,Thu,0-6,08th St  -  De Haro St,,,
641000,15th St,L,R,Sun,2-6,Bryant St  -  Florida St,,,
643000,15th St,L,R,Wed,0-6,Treat Ave  -  Harrison St,,,
663000,15th St,L,R,Wed,9-11,Market St  -  Sanchez St,,,
681000,16th Ave,L,R,Fri,9-11,Lawton St  -  Lawton St,,,
916101,19th Ave,L,R,Wed,6-8,Ortega St  -  Pacheco St,,,
927202,19th Ave,R,L,Wed,6-7,Winston Dr  -  Winston Dr,,,
921101,19th Ave,L,R,Wed,6-8,Taraval St  -  Ulloa St,,,
928102,19th Ave,L,R,Wed,6-7,Denslowe Dr  -  Wyton Ln,,,
910101,19th Ave,L,R,Wed,6-8,Irving St  -  Judah St,,,
917101,19th Ave,L,R,Wed,6-8,Pacheco St  -  Quintara St,,,
923201,19th Ave,R,L,Wed,7-9,Vicente St  -  Wawona St,,,
911201,19th Ave,R,L,Wed,7-9,Judah St  -  Kirkham St,,,
909101,19th Ave,L,R,Wed,6-8,Lincoln Way  -  Irving St,,,
930201,19th Ave,R,L,Wed,6-7,Crespi Dr  -  Unnamed #106,,,
914201,19th Ave,R,L,Wed,7-9,Moraga St  -  Noriega St,,,
927102,19th Ave,L,R,Wed,6-7,Rossmoor Dr  -  Winston Dr,,,
928202,19th Ave,R,L,Wed,6-7,Buckingham Way  -  Holloway Ave,,,
924103,19th Ave,L,R,Wed,6-8,Stern Grove Ct  -  Sloat Blvd,,,
930101,19th Ave,L,R,Wed,6-7,Crespi Dr  -  Banbury Dr,,,
929201,19th Ave,R,L,Wed,6-7,Holloway Ave  -  Crespi Dr,,,
930102,19th Ave,L,R,Wed,6-7,Banbury Dr  -  Junipero Serra Blvd,,,
925201,19th Ave,R,L,Wed,6-7,Sloat Blvd  -  Ocean Ave,,,
928101,19th Ave,L,R,Wed,6-7,Winston Dr  -  Denslowe Dr,,,
924102,19th Ave,L,R,Wed,6-8,Wawona St  -  Stern Grove Ct,,,
919201,19th Ave,R,L,Wed,7-9,Rivera St  -  Santiago St,,,
922101,19th Ave,L,R,Wed,6-8,Ulloa St  -  Vicente St,,,
918201,19th Ave,R,L,Wed,7-9,Quintara St  -  Rivera St,,,
920201,19th Ave,R,L,Wed,7-9,Santiago St  -  Taraval St,,,
915101,19th Ave,L,R,Wed,6-8,Noriega St  -  Ortega St,,,
918101,19th Ave,L,R,Wed,6-8,Quintara St  -  Rivera St,,,
913101,19th Ave,L,R,Wed,6-8,Lawton St  -  Moraga St,,,
919101,19th Ave,L,R,Wed,6-8,Rivera St  -  Santiago St,,,
914101,19th Ave,L,R,Wed,6-8,Moraga St  -  Noriega St,,,
928103,19th Ave,L,R,Wed,6-7,Wyton Ln  -  Holloway Ave,,,
920101,19th Ave,L,R,Wed,6-8,Santiago St  -  Taraval St,,,
917201,19th Ave,R,L,Wed,7-9,Pacheco St  -  Quintara St,,,
909201,19th Ave,R,L,Wed,7-9,Lincoln Way  -  Irving St,,,
913201,19th Ave,R,L,Wed,7-9,Lawton St  -  Moraga St,,,
927201,19th Ave,R,L,Wed,6-7,Eucalyptus Dr  -  Winston Dr,,,
910201,19th Ave,R,L,Wed,7-9,Irving St  -  Judah St,,,
926101,19th Ave,L,R,Wed,6-7,Ocean Ave  -  Eucalyptus Dr,,,
912201,19th Ave,R,L,Wed,7-9,Kirkham St  -  Lawton St,,,
925101,19th Ave,L,R,Wed,6-7,Sloat Blvd  -  Ocean Ave,,,
915201,19th Ave,R,L,Wed,7-9,Noriega St  -  Ortega St,,,
927101,19th Ave,L,R,Wed,6-7,Eucalyptus Dr  -  Rossmoor Dr,,,
922201,19th Ave,R,L,Wed,7-9,Ulloa St  -  Vicente St,,,
929101,19th Ave,L,R,Wed,6-7,Holloway Ave  -  Crespi Dr,,,
921201,19th Ave,R,L,Wed,7-9,Taraval St  -  Ulloa St,,,
924201,19th Ave,R,L,Wed,7-9,Wawona St  -  Sloat Blvd,,,
923101,19th Ave,L,R,Wed,6-8,Vicente St  -  Wawona St,,,
930202,19th Ave,R,L,Wed,6-7,Unnamed 106  -  Junipero Serra Blvd,,,
928201,19th Ave,R,L,Wed,6-7,Winston Dr  -  Buckingham Way,,,
916201,19th Ave,R,L,Wed,7-9,Ortega St  -  Pacheco St,,,
911101,19th Ave,L,R,Wed,6-8,Judah St  -  Kirkham St,,,
926201,19th Ave,R,L,Wed,6-7,Ocean Ave  -  Eucalyptus Dr,,,
912101,19th Ave,L,R,Wed,6-8,Kirkham St  -  Lawton St,,,
961000,19th St,L,R,Fri,0-6,York St  -  Bryant St,,,
1030000,20th St,R,L,Thu,0-6,Tennessee St  -  Pennsylvania Ave,,,
1029000,20th St,L,R,Tues,1-6,Minnesota St  -  Indiana St,,,
1028000,20th St,L,R,Tues,1-6,Tennessee St  -  Minnesota St,,,
1124000,21st St,L,R,Tues,12-14,Castro St  -  Collingwood St,,,
1173000,22nd St,R,L,Mon,9-11,Kansas St  -  Vermont St,,,
1201000,22nd St,L,R,Fri,12-14,Church St  -  Vicksburg St,,,
1240000,23rd St,L,R,Mon,12-14,Missouri St  -  Dakota St,,,
1244000,23rd St,L,R,Mon,12-14,23rd St  -  Carolina St,,,
1369000,25th Ave,L,R,Mon,9-11,Start: 01-24 Block  -  Seacliff Ave,,,
1464000,25th Ave North,L,R,Tues,9-11,25th Ave North  -  End: 21-46 Block,,,
1465000,25th Ave North,R,L,Mon,9-11,25th Ave North  -  End: 22-99 Block,,,
1569201,27th St,R,L,Wed,9-11,27th St  -  Castro St,,,
1569101,27th St,L,R,Mon,9-11,27th St  -  Castro St,,,
1801000,36th Ave,L,R,Fri,9-11,Lincoln Way  -  Sunset Blvd,,,
2014000,46th Ave,R,L,Wed,13-15,Point Lobos Ave  -  Geary Blvd,,,
2036000,47th Ave,L,R,Wed,13-15,Point Lobos Ave  -  Geary Blvd,,,
2060000,48th Ave,R,L,Wed,13-15,El Camino Del Mar  -  Geary Blvd,,,
2078000,48th Ave,R,L,Mon,13-15,Taraval St  -  Ulloa St,,,
2128000,Alabama St,L,R,Tues,12-14,Ripley St  -  Esmeralda Ave,,,
2125000,Alabama St,R,L,Fri,9-11,Montcalm St  -  Norwich St,,,
2141000,Alana Way,L,R,Sun,7-8,County Line  -  Executive Park Blvd,,,
2184101,Alemany Blvd,L,R,Thu,13-15,Ralston St  -  Palmetto Ave,,,
2177101,Alemany Blvd,L,R,Fri,7-9,Lawrence Ave  -  Cayuga Ave,,,
2157203,Alemany Blvd,R,L,Thu,7-8,I-280 S Off Ramp  -  Alemany Blvd,,,
2175202,Alemany Blvd,R,L,Thu,7-9,Whipple Ave  -  Farragut Ave,,,
2169101,Alemany Blvd,L,R,Fri,7-9,Seneca Ave  -  Geneva Ave,,,
2181102,Alemany Blvd,L,R,Thu,13-15,Bright St  -  Brotherhood Way,,,
2166101,Alemany Blvd,R,L,Tues,7-9,San Juan Ave  -  Ocean Ave,,,
2183101,Alemany Blvd,L,R,Thu,13-15,Victoria St  -  Ramsell St,,,
2159201,Alemany Blvd,R,L,Tues,7-9,Rousseau St  -  Lyell St,,,
2180101,Alemany Blvd,L,R,Fri,8-10,Palmetto Ave  -  Orizaba Ave,,,
2176102,Alemany Blvd,L,R,Fri,7-9,Laura St  -  Lawrence Ave,,,
2182101,Alemany Blvd,L,R,Thu,13-15,Brotherhood Way  -  Victoria St,,,
2172201,Alemany Blvd,R,L,Thu,7-9,Mount Vernon Ave  -  Ottawa Ave,,,
2157201,Alemany Blvd,R,L,Thu,7-8,Hwy 101 S Off Ramp  -  Folsom St,,,
2160201,Alemany Blvd,R,L,Tues,7-9,Lyell St  -  Silver Ave,,,
2170201,Alemany Blvd,R,L,Thu,7-9,Geneva Ave  -  Restani Way,,,
2175101,Alemany Blvd,L,R,Fri,7-9,Naglee Ave  -  Farragut Ave,,,
2177202,Alemany Blvd,R,L,Thu,7-9,De Wolf St  -  Sickles Ave,,,
2181201,Alemany Blvd,R,L,Mon,8-10,Orizaba Ave  -  Brotherhood Way,,,
2160101,Alemany Blvd,L,R,Fri,7-9,Lyell St  -  Silver Ave,,,
2167201,Alemany Blvd,R,L,Thu,7-9,Ocean Ave  -  Onondaga Ave,,,
2161101,Alemany Blvd,L,R,Fri,7-9,Silver Ave  -  Tingley St,,,
2171201,Alemany Blvd,R,L,Thu,7-9,Niagara Ave  -  Mount Vernon Ave,,,
2178101,Alemany Blvd,L,R,Fri,7-9,Sickles Ave  -  San Jose Ave,,,
2157202,Alemany Blvd,R,L,Thu,7-8,Folsom St  -  I-280 S Off Ramp,,,
2165102,Alemany Blvd,L,R,Fri,7-9,Harrington St  -  Norton St,,,
2172101,Alemany Blvd,L,R,Fri,7-9,Mount Vernon Ave  -  Ottawa Ave,,,
2182201,Alemany Blvd,R,L,Mon,8-10,Brotherhood Way  -  Victoria St,,,
2165101,Alemany Blvd,L,R,Fri,7-9,Santa Rosa Ave  -  Harrington St,,,
2170103,Alemany Blvd,L,R,Fri,7-9,Chancery Ln  -  Niagara Ave,,,
2168101,Alemany Blvd,L,R,Fri,7-9,Onondaga Ave  -  Seneca Ave,,,
2170202,Alemany Blvd,R,L,Thu,7-9,Restani Way  -  Niagara Ave,,,
2184201,Alemany Blvd,R,L,Mon,8-10,Ralston St  -  Kempton Ave,,,
2162201,Alemany Blvd,R,L,Tues,7-9,Tingley St  -  Theresa St,,,
2170102,Alemany Blvd,L,R,Fri,7-9,Geneva Ave  -  Chancery Ln,,,
2177201,Alemany Blvd,R,L,Thu,7-9,Lawrence Ave  -  De Wolf St,,,
2164102,Alemany Blvd,L,R,Fri,7-9,Francis St  -  Santa Rosa Ave,,,
2173201,Alemany Blvd,R,L,Thu,7-9,Ottawa Ave  -  Foote Ave,,,
2174201,Alemany Blvd,R,L,Thu,7-9,Foote Ave  -  Naglee Ave,,,
2168202,Alemany Blvd,R,L,Thu,7-9,Oneida Ave  -  Seneca Ave,,,
2174101,Alemany Blvd,L,R,Fri,7-9,Foote Ave  -  Naglee Ave,,,
2183102,Alemany Blvd,L,R,Thu,13-15,Ramsell St  -  Ralston St,,,
2163101,Alemany Blvd,L,R,Fri,7-9,Theresa St  -  Cotter St,,,
2178201,Alemany Blvd,R,L,Thu,6-8,Sickles Ave  -  San Jose Ave,,,
2184202,Alemany Blvd,R,L,Mon,8-10,Kempton Ave  -  Palmetto Ave,,,
2167101,Alemany Blvd,L,R,Fri,7-9,Ocean Ave  -  Leo St,,,
2175201,Alemany Blvd,R,L,Thu,7-9,Naglee Ave  -  Whipple Ave,,,
2159101,Alemany Blvd,L,R,Fri,7-9,Rousseau St  -  Admiral Ave,,,
2173101,Alemany Blvd,L,R,Fri,7-9,Ottawa Ave  -  Foote Ave,,,
2163201,Alemany Blvd,R,L,Tues,7-9,Theresa St  -  Cotter St,,,
2168201,Alemany Blvd,R,L,Thu,7-9,Onondaga Ave  -  Oneida Ave,,,
2176201,Alemany Blvd,R,L,Thu,7-9,Farragut Ave  -  Lawrence Ave,,,
2181101,Alemany Blvd,L,R,Fri,8-10,Orizaba Ave  -  Bright St,,,
2165201,Alemany Blvd,R,L,Tues,7-9,Santa Rosa Ave  -  San Juan Ave,,,
2161201,Alemany Blvd,R,L,Tues,7-9,Silver Ave  -  Tingley St,,,
2180201,Alemany Blvd,R,L,Fri,8-10,Palmetto Ave  -  Orizaba Ave,,,
2165103,Alemany Blvd,L,R,Fri,7-9,Norton St  -  San Juan Ave,,,
2164201,Alemany Blvd,R,L,Tues,7-9,Cotter St  -  Santa Rosa Ave,,,
2166201,Alemany Blvd,L,R,Fri,7-9,San Juan Ave  -  Ocean Ave,,,
2185102,Alemany Blvd,L,R,Wed,9-11,Chester Ave  -  Junipero Serra Blvd,,,
2171101,Alemany Blvd,L,R,Fri,7-9,Niagara Ave  -  Mount Vernon Ave,,,
2177102,Alemany Blvd,L,R,Fri,7-9,Cayuga Ave  -  Sickles Ave,,,
2164101,Alemany Blvd,L,R,Fri,7-9,Cotter St  -  Francis St,,,
2169201,Alemany Blvd,R,L,Thu,7-9,Seneca Ave  -  Geneva Ave,,,
2176101,Alemany Blvd,L,R,Fri,7-9,Farragut Ave  -  Laura St,,,
2185101,Alemany Blvd,L,R,Wed,9-11,Palmetto Ave  -  Chester Ave,,,
2179101,Alemany Blvd,L,R,Fri,8-10,San Jose Ave  -  Palmetto Ave,,,
2167102,Alemany Blvd,L,R,Fri,7-9,Leo St  -  Onondaga Ave,,,
2159102,Alemany Blvd,L,R,Fri,7-9,Admiral Ave  -  Lyell St,,,
2181202,Alemany Blvd,R,L,Mon,8-10,Brotherhood Way  -  Brotherhood Way,,,
2183201,Alemany Blvd,R,L,Mon,8-10,Victoria St  -  Ralston St,,,
2162101,Alemany Blvd,L,R,Fri,7-9,Tingley St  -  Theresa St,,,
2209000,Aloha Ave,R,L,Fri,9-11,14th Ave  -  Lomita Ave,,,
2381101,Arballo Dr,L,R,Wed,9-11,Font Blvd  -  Vidal Dr,,,
2381201,Arballo Dr,R,L,Tues,9-11,Font Blvd  -  Vidal Dr,,,
5589000,Arelious Walker Dr,R,L,Sat,7-8,Fitzgerald Ave  -  Gilman Ave,,,
5587000,Arelious Walker Dr,R,L,Sun,7-8,Carroll Ave  -  Egbert Ave,,,
5588000,Arelious Walker Dr,R,L,Sun,7-8,Egbert Ave  -  Fitzgerald Ave,,,
2547000,Augusta St,L,R,Thu,13-15,Silver Ave  -  Waterville St,,,
14098000,Avenue B,R,L,Fri,12-14,lock Of  751  -  799,,,
14100000,Avenue B,R,L,Fri,12-14,lock Of  901  -  999,,,
14097000,Avenue B,R,L,Fri,12-14,lock Of  701  -  749,,,
14099000,Avenue B,R,L,Fri,12-14,lock Of  801  -  899,,,
2602000,Badger St,L,R,Wed,9-11,Still St  -  Still St,,,
2639000,Baker St,R,L,Mon,11-13,Bay St  -  Bay St,,,
2800202,Bay Shore Blvd,R,L,Mon,0-6,Cosgrove St  -  Cortland Ave,,,
2800102,Bay Shore Blvd,L,R,Thu,0-6,Flower St  -  Cortland Ave,,,
2801201,Bay Shore Blvd,R,L,Thu,0-6,Cortland Ave  -  Industrial St On Ramp,,,
2818000,Bay Shore Blvd,R,L,Thu,0-6,Le Conte Ave  -  Hwy 101 N Off Ramp,,,
2802201,Bay Shore Blvd,R,L,Thu,0-6,Industrial St  -  Helena St,,,
2827201,Bay Shore Blvd,R,L,Fri,7-8,Sunnydale Ave  -  County Line,,,
2801102,Bay Shore Blvd,L,R,Thu,0-6,Waterloo St  -  Marengo St,,,
2801203,Bay Shore Blvd,R,L,Sat,0-2,San Bruno Ave  -  Industrial St,,,
2801103,Bay Shore Blvd,L,R,Sun,0-2,Marengo St  -  Industrial St,,,
2799201,Bay Shore Blvd,R,L,Thu,0-6,Cesar Chavez St  -  Hwy 101 S Off Ramp,,,
2801101,Bay Shore Blvd,L,R,Tues,0-6,Cortland Ave  -  Waterloo St,,,
2801202,Bay Shore Blvd,R,L,Fri,0-6,Industrial St On Ramp  -  San Bruno Ave,,,
2800201,Bay Shore Blvd,R,L,Wed,0-6,Oakdale Ave  -  Cosgrove St,,,
2802101,Bay Shore Blvd,L,R,Sun,7-8,Industrial St  -  Helena St,,,
2817000,Bay Shore Blvd,R,L,Thu,0-6,Lane St  -  Le Conte Ave,,,
2827101,Bay Shore Blvd,L,R,Thu,7-8,Sunnydale Ave  -  County Line,,,
2800101,Bay Shore Blvd,L,R,Thu,0-6,Oakdale Ave  -  Flower St,,,
2798000,Bay Shore Blvd,R,L,Thu,0-6,Hwy 101 N Off Ramp  -  Hwy 101 N On Ramp,,,
2799103,Bay Shore Blvd,R,L,Wed,0-6,Jerrold Ave  -  Jerrold Ave,,,
2816000,Bay Shore Blvd,R,L,Thu,0-6,Hwy 101 S On Ramp  -  Lane St,,,
2778000,Bay St,R,L,Wed,8-10,Jones St  -  Columbus Ave,,,
2869000,Beatrice Ln,R,L,Thu,8-10,Ingalls St  -  Espanola St,,,
2886000,Belgrave Ave,R,L,Wed,9-11,Bigler Ave  -  Shrader St,,,
2885000,Belgrave Ave,R,L,Wed,9-11,Start: 01-32 Block  -  Bigler Ave,,,
2906000,Bellevue Ave,R,L,Tues,12-14,Pope St  -  Guttenberg St,,,
2928000,Benton Ave,R,L,Fri,8-10,College Ave  -  Justin Dr,,,
2925000,Benton Ave,R,L,Tues,8-10,Benton Ave  -  Genebern Way,,,
2927000,Benton Ave,R,L,Fri,8-10,Genebern Way  -  College Ave,,,
2933000,Benton Ave,R,L,Thu,8-10,Bache St  -  Andover St,,,
2949000,Bernard St,R,L,Fri,8-10,Jones St  -  Leavenworth St,,,
15046000,Berry Extension St,R,L,Tues,0-2,erry St - Mission Bay Blvd,,,
2956005,Berry St,L,R,Mon,0-2,Berry Extension St  -  07th St,,,
2957000,Berry St,L,R,Mon,0-6,De Haro St  -  07th St,,,
3008000,Bonifacio St,L,R,Wed,0-2,Tandang Sora  -  Mabini St,,,
3009000,Bonifacio St,L,R,Mon,0-2,Mabini St  -  Lapu-lapu St,,,
3025202,Bosworth St,R,L,Fri,7-8,Lyell St  -  I-280 S On Ramp,,,
3029201,Bosworth St,R,L,Fri,7-8,Lippard Ave  -  Chilton Ave,,,
3026201,Bosworth St,R,L,Fri,7-8,I-280 S On Ramp  -  Diamond St,,,
3029101,Bosworth St,L,R,Mon,11-13,Lippard Ave  -  Chilton Ave,,,
3025101,Bosworth St,L,R,Mon,7-8,Still St  -  I-280 S On Ramp,,,
3030102,Bosworth St,L,R,Mon,11-13,Hamerton Ave  -  Congo St,,,
3027201,Bosworth St,R,L,Fri,7-8,Diamond St  -  Brompton Ave,,,
3030201,Bosworth St,R,L,Fri,7-8,Chilton Ave  -  Congo St,,,
3027101,Bosworth St,L,R,Mon,11-13,Diamond St  -  Brompton Ave,,,
3030101,Bosworth St,L,R,Mon,11-13,Chilton Ave  -  Hamerton Ave,,,
3026101,Bosworth St,L,R,Mon,7-8,I-280 S On Ramp  -  Diamond St,,,
3028201,Bosworth St,R,L,Fri,7-8,Brompton Ave  -  Lippard Ave,,,
3028101,Bosworth St,L,R,Mon,11-13,Brompton Ave  -  Lippard Ave,,,
3031201,Bosworth St,R,L,Thu,11-13,Congo St  -  O'Shaughnessy Blvd,,,
3031101,Bosworth St,L,R,Mon,11-13,Congo St  -  O'Shaughnessy Blvd,,,
3157000,Broadway,L,R,Thu,2-6,Powell St  -  Mason St,,,
3276099,Bryant St,L,R,Tues,0-2,Bayside Village Pl  -  Delancey St,,,
3277000,Bryant St,R,L,Mon,0-2,Beale St  -  Rincon St,,,
3276098,Bryant St,L,R,Tues,0-2,Beale St  -  Bayside Village Pl,,,
20004000,Burnett Ave North,L,R,Mon,12-14,Burnett Ave  -  Iron Aly,,,
3419000,Bush St,R,L,Mon,2-6,Market St  -  Battery St,,,
3621000,Cambridge St,R,L,Thu,12-15,Silver Ave  -  Pioche St,,,
3652101,Canyon Dr,L,R,Tues,12-14,South Hill Blvd  -  County Line,,,
3692101,Cargo Way,L,R,Tues,0-6,Jennings St  -  Mendell St,,,
3693203,Cargo Way,R,L,Thu,0-6,Amador St  -  Arthur Ave,,,
3693202,Cargo Way,R,L,Thu,0-6,Mendell St  -  Amador St,,,
3693101,Cargo Way,L,R,Tues,0-6,Mendell St  -  03rd St,,,
3692201,Cargo Way,R,L,Thu,0-6,Jennings St  -  Mendell St,,,
19792000,Carnelian Way,R,L,Thu,9-11,Carnelian Way  -  End: 170-199 Block,,,
3704000,Carnelian Way,R,L,Thu,9-11,Diamond Heights Blvd  -  Carnelian Way,,,
3715201,Carolina St,L,R,Mon,9-11,23rd St  -  Carolina St,,,
3716000,Carolina St,L,R,Mon,12-14,Carolina St  -  Coral Rd,,,
3733000,Carroll Ave,L,R,Sat,7-8,Fitch St  -  Griffith St,,,
3762202,Cashmere St,R,L,Fri,8-10,Dukes Ct  -  La Salle Ave,,,
3761201,Cashmere St,R,L,Fri,8-10,Hudson Ave  -  Whitney Young Cir,,,
3760101,Cashmere St,L,R,Fri,8-10,Cashmere St  -  Hudson Ave,,,
3762201,Cashmere St,R,L,Fri,8-10,Whitney Young Cir  -  Dukes Ct,,,
3760201,Cashmere St,R,L,Fri,8-10,Cashmere St  -  Hudson Ave,,,
3781201,Castro St,R,L,Wed,12-14,Divisadero St  -  Lloyd St,,,
3782101,Castro St,L,R,Wed,12-14,Lloyd St  -  Duboce Ave,,,
3781101,Castro St,L,R,Wed,12-14,Divisadero St  -  Lloyd St,,,
3782201,Castro St,R,L,Wed,12-14,Lloyd St  -  Duboce Ave,,,
2479201,Cesar Chavez St,L,R,Sat,8-10,Bay Shore Blvd  -  Hwy 101 N On Ramp,,,
2479202,Cesar Chavez St,L,R,Sat,8-10,Hwy 101 N On Ramp  -  Hwy 101 S Off Ramp,,,
19991201,Channel,R,L,Tues,0-2,03rd St  -  End:  Block,,,
19991101,Channel,L,R,Wed,0-2,03rd St  -  End:  Block,,,
3891000,Channel St,L,R,Fri,0-6,Carolina St  -  07th St,,,
3899000,Charles J Brenham Pl,L,R,Mon,0-2,Market St  -  McAllister St,,,
3951000,Chestnut St,R,L,Wed,2-6,Montgomery St  -  Kearny St,,,
4040000,Cielito Dr,L,R,Wed,8-11,Parque Dr  -  Geneva Ave,,,
4144000,Clearfield Dr,R,L,Thu,8-10,Sloat Blvd  -  Morningside Dr,,,
4202000,Clementina St,R,L,Fri,4-6,Sumner St  -  08th St,,,
4265201,College Ave,R,L,Mon,8-10,Justin Dr  -  Murray St,,,
4267101,College Ave,L,R,Thu,8-10,Benton Ave  -  Justin Dr,,,
4267201,College Ave,R,L,Mon,8-10,Benton Ave  -  Justin Dr,,,
4266101,College Ave,L,R,Thu,8-10,Murray St  -  Benton Ave,,,
4264201,College Ave,R,L,Mon,8-10,Mission St  -  Justin Dr,,,
4266201,College Ave,R,L,Mon,8-10,Murray St  -  Benton Ave,,,
4265101,College Ave,L,R,Thu,8-10,Justin Dr  -  Murray St,,,
4264101,College Ave,L,R,Thu,8-10,Mission St  -  Justin Dr,,,
4277000,Colon Ave,L,R,Mon,13-15,Start: 01-99 Block  -  Greenwood Ave,,,
4371000,Coral Rd,L,R,Mon,12-14,Wisconsin St  -  Carolina St,,,
13798000,Corona St,R,L,Fri,12-14,rona St End Loop,,,
4448000,Coso Ave,L,R,Fri,9-11,Precita Ave  -  Mirabel Ave,,,
4450000,Coso Ave,R,L,Thu,12-14,Precita Ave  -  Coleridge St,,,
4469000,Country Club Dr,R,L,Mon,10-12,Lancaster Ln  -  Huntington Dr,,,
4472000,Country Club Dr,R,L,Tues,8-10,Huntington Dr  -  Country Club Dr,,,
4468000,Country Club Dr,R,L,Mon,10-12,Brookhaven Ln  -  Lancaster Ln,,,
4471000,Country Club Dr,R,L,Tues,8-10,Ocean Ave  -  Huntington Dr,,,
4470000,Country Club Dr,R,L,Mon,10-12,Huntington Dr  -  Ocean Ave,,,
4477000,Cragmont Ave,R,L,Fri,9-11,Quintara St  -  End: 100-199 Block,,,
4502000,Crescent Ave,R,L,Sun,1-2,Alemany Blvd Off Ramp  -  Peralta Ave,,,
4504201,Crespi Dr,R,L,Wed,6-7,19th Ave  -  Gonzalez Dr,,,
4504101,Crespi Dr,L,R,Wed,6-7,19th Ave  -  Gonzalez Dr,,,
4555000,Curtis St,L,R,Tues,12-14,Naples St  -  Prague St,,,
4583000,Danvers St,L,R,Fri,12-14,Caselli Ave  -  19th St,,,
4640102,De Haro St,R,L,Wed,12-14,nd - End,,,
4640103,De Haro St,R,L,Wed,12-14,nd - 25th St,,,
4642002,De Haro St,R,L,Wed,12-14,Fontinella Ter  -  26th St,,,
4641000,De Haro St,R,L,Wed,12-14,25th St  -  Littlefield Ter,,,
4639000,De Haro St,R,L,Wed,12-14,24th St  -  De Haro St,,,
4663000,Dearborn St,R,L,Wed,9-11,17th St  -  Bird St,,,
4664000,Dearborn St,R,L,Wed,9-11,Bird St  -  18th St,,,
4667101,Dedman Ct,L,R,Fri,8-10,Whitney Young Cir  -  Dedman Ct,,,
4712000,Deming St,L,R,Wed,8-10,Start: 01-43 Block  -  Uranus Ter,,,
4782201,Diamond Heights Blvd,R,L,Mon,10-12,Diamond St  -  Berkeley Way,,,
4778201,Diamond Heights Blvd,R,L,Mon,10-12,Gold Mine Dr  -  Diamond St,,,
4775101,Diamond Heights Blvd,L,R,Thu,9-11,Duncan St  -  Carnelian Way,,,
4779201,Diamond Heights Blvd,R,L,Mon,10-12,Diamond St  -  Gold Mine Dr,,,
4774101,Diamond Heights Blvd,L,R,Thu,9-11,Clipper St  -  Duncan St,,,
4780101,Diamond Heights Blvd,L,R,Thu,10-12,Gold Mine Dr  -  Berkeley Way,,,
4777101,Diamond Heights Blvd,L,R,Thu,9-11,Duncan St  -  Gold Mine Dr,,,
4779101,Diamond Heights Blvd,L,R,Thu,10-12,Diamond St  -  Gold Mine Dr,,,
4775201,Diamond Heights Blvd,R,L,Mon,10-12,Duncan St  -  Carnelian Way,,,
4784101,Diamond Heights Blvd,L,R,Thu,10-12,Arbor St  -  Sussex St,,,
4784201,Diamond Heights Blvd,R,L,Mon,10-12,Arbor St  -  Sussex St,,,
4783201,Diamond Heights Blvd,R,L,Mon,10-12,Berkeley Way  -  Arbor St,,,
4776102,Diamond Heights Blvd,L,R,Thu,9-11,Safira Ln  -  Duncan St,,,
4777201,Diamond Heights Blvd,R,L,Mon,10-12,Duncan St  -  Gold Mine Dr,,,
4776101,Diamond Heights Blvd,L,R,Thu,9-11,Carnelian Way  -  Safira Ln,,,
4780201,Diamond Heights Blvd,R,L,Mon,10-12,Gold Mine Dr  -  Berkeley Way,,,
4778101,Diamond Heights Blvd,L,R,Thu,9-11,Gold Mine Dr  -  Diamond St,,,
4781101,Diamond Heights Blvd,L,R,Thu,10-12,Berkeley Way  -  Diamond St,,,
4776201,Diamond Heights Blvd,R,L,Mon,10-12,Carnelian Way  -  Duncan St,,,
4783101,Diamond Heights Blvd,L,R,Thu,10-12,Berkeley Way  -  Arbor St,,,
4782101,Diamond Heights Blvd,L,R,Thu,10-12,Diamond St  -  Berkeley Way,,,
4774201,Diamond Heights Blvd,R,L,Mon,10-12,Clipper St  -  Duncan St,,,
4781201,Diamond Heights Blvd,R,L,Mon,10-12,Berkeley Way  -  Diamond St,,,
4758201,Diamond St,R,L,Mon,9-11,Diamond St  -  Diamond Heights Blvd,,,
4758101,Diamond St,L,R,Wed,9-11,Diamond St  -  Diamond Heights Blvd,,,
4789000,Dichiera Ct,L,R,Tues,8-10,Start: 01-99 Block  -  Ellington Ave,,,
4794000,Digby St,R,L,Mon,9-11,Everson St  -  Everson St,,,
4803101,Divisadero St,L,R,Mon,6-8,Hayes St  -  Grove St,,,
4813101,Divisadero St,L,R,Fri,6-8,Post St  -  Sutter St,,,
4800101,Divisadero St,L,R,Mon,6-8,Page St  -  Oak St,,,
4803201,Divisadero St,R,L,Sun,6-8,Hayes St  -  Grove St,,,
4806101,Divisadero St,L,R,Fri,6-8,McAllister St  -  Golden Gate Ave,,,
4816201,Divisadero St,R,L,Sun,6-8,Pine St  -  California St,,,
4812201,Divisadero St,R,L,Thu,6-8,Geary Blvd  -  Post St,,,
4802101,Divisadero St,L,R,Mon,6-8,Fell St  -  Hayes St,,,
4810101,Divisadero St,L,R,Wed,6-8,Ellis St  -  O'Farrell St,,,
4800201,Divisadero St,R,L,Thu,6-8,Page St  -  Oak St,,,
4801201,Divisadero St,R,L,Thu,6-8,Oak St  -  Fell St,,,
4807201,Divisadero St,R,L,Tues,6-8,Golden Gate Ave  -  Turk St,,,
4804201,Divisadero St,R,L,Tues,6-8,Grove St  -  Fulton St,,,
4815201,Divisadero St,R,L,Sun,6-8,Bush St  -  Pine St,,,
4801101,Divisadero St,L,R,Wed,6-8,Oak St  -  Fell St,,,
4815101,Divisadero St,L,R,Wed,6-8,Bush St  -  Pine St,,,
4814201,Divisadero St,R,L,Sun,6-8,Sutter St  -  Bush St,,,
4811101,Divisadero St,L,R,Fri,6-8,O'Farrell St  -  Geary Blvd,,,
4802201,Divisadero St,R,L,Sun,6-8,Fell St  -  Hayes St,,,
4804101,Divisadero St,L,R,Wed,6-8,Grove St  -  Fulton St,,,
4798101,Divisadero St,L,R,Wed,12-14,Castro St  -  Haight St,,,
4816101,Divisadero St,L,R,Sat,6-8,Pine St  -  California St,,,
4808101,Divisadero St,L,R,Fri,6-8,Turk St  -  Eddy St,,,
4799101,Divisadero St,L,R,Wed,12-14,Haight St  -  Page St,,,
4809201,Divisadero St,R,L,Tues,6-8,Eddy St  -  Ellis St,,,
4805201,Divisadero St,R,L,Sun,6-8,Fulton St  -  McAllister St,,,
4814101,Divisadero St,L,R,Wed,6-8,Sutter St  -  Bush St,,,
4817101,Divisadero St,L,R,Fri,6-8,California St  -  Sacramento St,,,
4812102,Divisadero St,L,R,Fri,6-8,Garden St  -  Post St,,,
4811201,Divisadero St,R,L,Tues,6-8,O'Farrell St  -  Geary Blvd,,,
4813201,Divisadero St,R,L,Sun,6-8,Post St  -  Sutter St,,,
4818201,Divisadero St,R,L,Wed,12-14,Sacramento St  -  Clay St,,,
4799201,Divisadero St,R,L,Sun,6-8,Haight St  -  Page St,,,
4808201,Divisadero St,R,L,Tues,6-8,Turk St  -  Eddy St,,,
4817201,Divisadero St,R,L,Thu,6-8,California St  -  Sacramento St,,,
4798201,Divisadero St,R,L,Fri,12-14,Castro St  -  Haight St,,,
4812101,Divisadero St,L,R,Wed,6-8,Geary Blvd  -  Garden St,,,
4805101,Divisadero St,L,R,Mon,6-8,Fulton St  -  McAllister St,,,
4807101,Divisadero St,L,R,Fri,6-8,Golden Gate Ave  -  Turk St,,,
4818101,Divisadero St,L,R,Mon,12-14,Sacramento St  -  Clay St,,,
4809101,Divisadero St,L,R,Fri,6-8,Eddy St  -  Ellis St,,,
4806201,Divisadero St,R,L,Tues,6-8,McAllister St  -  Golden Gate Ave,,,
4810201,Divisadero St,R,L,Tues,6-8,Ellis St  -  O'Farrell St,,,
4843000,Division St,L,R,Tues,0-6,San Bruno Ave  -  09th St,,,
4838000,Division St,L,R,Fri,0-6,Rhode Island St  -  08th St,,,
4840000,Division St,L,R,Fri,0-6,Henry Adams St  -  Townsend St,,,
4839000,Division St,L,R,Fri,0-6,08th St  -  Henry Adams St,,,
4837000,Division St,L,R,Fri,0-6,King St  -  Rhode Island St,,,
4836000,Division St,L,R,Fri,0-6,De Haro St  -  King St,,,
4844000,Division St,L,R,Tues,0-6,09th St  -  Utah St,,,
4842000,Division St,L,R,Tues,0-6,Vermont St  -  San Bruno Ave,,,
4846201,Division St,R,L,Wed,0-6,Potrero Ave  -  Bryant St,,,
4841000,Division St,L,R,Tues,0-6,Townsend St  -  Vermont St,,,
4845000,Division St,L,R,Fri,0-6,Utah St  -  Potrero Ave,,,
4846101,Division St,L,R,Tues,0-6,Potrero Ave  -  Bryant St,,,
4870101,Dolores St,L,R,Mon,9-11,18th St  -  19th St,,,
4880101,Dolores St,L,R,Mon,7-9,25th St  -  Clipper St,,,
4880201,Dolores St,R,L,Wed,7-8,25th St  -  Clipper St,,,
4888101,Dolores St,L,R,Mon,7-9,29th St  -  Day St,,,
4878101,Dolores St,L,R,Mon,7-9,24th St  -  Jersey St,,,
4876201,Dolores St,R,L,Wed,7-8,22nd St  -  23rd St,,,
4879201,Dolores St,R,L,Wed,7-8,Jersey St  -  25th St,,,
4879101,Dolores St,L,R,Mon,7-9,Jersey St  -  25th St,,,
4881201,Dolores St,R,L,Wed,7-8,Clipper St  -  26th St,,,
4875201,Dolores St,R,L,Wed,7-8,21st St  -  22nd St,,,
4889201,Dolores St,R,L,Wed,7-8,Day St  -  30th St,,,
4866101,Dolores St,L,R,Mon,9-11,16th St  -  Chula Ln,,,
4874101,Dolores St,L,R,Mon,9-11,Liberty St  -  21st St,,,
4890101,Dolores St,L,R,Mon,7-9,30th St  -  San Jose Ave,,,
4886101,Dolores St,L,R,Mon,7-9,28th St  -  Valley St,,,
4877201,Dolores St,R,L,Wed,7-8,23rd St  -  24th St,,,
4884201,Dolores St,R,L,Wed,7-8,27th St  -  Duncan St,,,
4883201,Dolores St,R,L,Wed,7-8,Cesar Chavez St  -  27th St,,,
4877101,Dolores St,L,R,Mon,7-9,23rd St  -  24th St,,,
4890201,Dolores St,R,L,Wed,7-8,30th St  -  San Jose Ave,,,
4871101,Dolores St,L,R,Mon,9-11,19th St  -  Cumberland St,,,
4889101,Dolores St,L,R,Mon,7-9,Day St  -  30th St,,,
4886201,Dolores St,R,L,Wed,7-8,28th St  -  Valley St,,,
4862101,Dolores St,L,R,Mon,9-11,14th St  -  Hidalgo Ter,,,
4861102,Dolores St,L,R,Wed,6-8,Clinton Park  -  14th St,,,
4883101,Dolores St,L,R,Mon,7-9,Cesar Chavez St  -  27th St,,,
4888201,Dolores St,R,L,Wed,7-8,29th St  -  Day St,,,
4872101,Dolores St,L,R,Mon,9-11,Cumberland St  -  20th St,,,
4861101,Dolores St,L,R,Wed,6-8,Market St  -  Clinton Park,,,
4873101,Dolores St,L,R,Mon,9-11,20th St  -  Liberty St,,,
4887101,Dolores St,L,R,Mon,7-9,Valley St  -  29th St,,,
4876101,Dolores St,L,R,Mon,7-9,22nd St  -  23rd St,,,
4882101,Dolores St,L,R,Mon,7-9,26th St  -  Cesar Chavez St,,,
4882201,Dolores St,R,L,Wed,7-8,26th St  -  Cesar Chavez St,,,
4885201,Dolores St,R,L,Wed,7-8,Duncan St  -  28th St,,,
4884101,Dolores St,L,R,Mon,7-9,27th St  -  Duncan St,,,
4865101,Dolores St,L,R,Mon,9-11,Alert Aly  -  16th St,,,
4868102,Dolores St,L,R,Mon,9-11,Dolores Ter  -  Dorland St,,,
4878201,Dolores St,R,L,Wed,7-8,24th St  -  Jersey St,,,
4867101,Dolores St,L,R,Mon,9-11,Chula Ln  -  17th St,,,
4887201,Dolores St,R,L,Wed,7-8,Valley St  -  29th St,,,
4881101,Dolores St,L,R,Mon,7-9,Clipper St  -  26th St,,,
4868101,Dolores St,L,R,Mon,9-11,17th St  -  Dolores Ter,,,
4875101,Dolores St,L,R,Mon,7-9,21st St  -  22nd St,,,
4885101,Dolores St,L,R,Mon,7-9,Duncan St  -  28th St,,,
4863101,Dolores St,L,R,Mon,9-11,Hidalgo Ter  -  15th St,,,
4869101,Dolores St,L,R,Mon,9-11,Dorland St  -  18th St,,,
4864101,Dolores St,L,R,Mon,9-11,15th St  -  Alert Aly,,,
4926101,Dorchester Way,L,R,Wed,13-15,Portola Dr  -  Ulloa St,,,
4926201,Dorchester Way,R,L,Mon,13-15,Portola Dr  -  Ulloa St,,,
4949000,Douglass St,L,R,Wed,8-10,Corwin St  -  21st St,,,
4969000,Drumm St,L,R,Wed,2-6,Market St  -  California St,,,
4978201,Duboce Ave,R,L,Mon,0-6,Mission St  -  Stevenson St,,,
4978101,Duboce Ave,L,R,Tues,0-6,Mission St  -  Woodward St,,,
4978102,Duboce Ave,L,R,Thu,0-6,Woodward St  -  Stevenson St,,,
4996101,Dukes Ct,L,R,Fri,8-10,Cashmere St  -  Dukes Ct,,,
4996201,Dukes Ct,R,L,Fri,8-10,Cashmere St  -  Dukes Ct,,,
5008000,Duncan St,R,L,Wed,12-14,Diamond St  -  Douglass St,,,
5030000,Eagle St,R,L,Wed,12-14,Caselli Ave  -  Market St,,,
5078000,Edgar Ave,L,R,Fri,9-11,Start: 01-39 Block  -  Niagara Ave,,,
5117000,Egbert Ave,R,L,Fri,4-6,Start: 1700-1798 Block  -  Newhall St,,,
5119000,Egbert Ave,L,R,Thu,12-14,Phelps St  -  Bay Shore Blvd,,,
19092000,El Camino Del Mar,L,R,Thu,11-13,Seal Rock Dr  -  48th Ave,,,
5125201,El Camino Del Mar,R,L,Mon,9-11,El Camino Del Mar  -  30th Ave,,,
5125102,El Camino Del Mar,L,R,Tues,9-11,McLaren Ave  -  30th Ave,,,
5125101,El Camino Del Mar,L,R,Thu,9-11,El Camino Del Mar  -  McLaren Ave,,,
5214101,El Mirasol Pl,L,R,Tues,9-11,Crestlake Dr  -  Sloat Blvd,,,
5166000,Elliot St,R,L,Fri,8-11,Teddy Ave  -  Arleta Ave,,,
5187000,Ellis St,L,R,Tues,9-11,Fillmore St  -  End: 1550-1599 Block,,,
5238000,Entrada Ct,R,L,Fri,11-13,Entrada Ct  -  Borica St,,,
5259000,Esquina Dr,R,L,Mon,8-11,Parque Dr  -  Geneva Ave,,,
5265000,Estero Ave,L,R,Fri,11-13,Junipero Serra Blvd  -  Junipero Serra Blvd,,,
5266000,Eucalyptus Dr,R,L,Tues,10-12,Ocean Ave  -  Junipero Serra Blvd,,,
5288000,Euclid Ave,R,L,Wed,6-8,Bush St  -  Masonic Ave,,,
5300000,Eugenia Ave,R,L,Fri,12-14,Mission St  -  Coleridge St,,,
5301000,Eugenia Ave,R,L,Fri,12-14,Coleridge St  -  Prospect Ave,,,
5332101,Evans Ave,L,R,Thu,0-6,Mendell St  -  Newhall St,,,
5331201,Evans Ave,R,L,Tues,0-6,Keith St  -  Mendell St,,,
5332201,Evans Ave,R,L,Tues,0-6,Mendell St  -  Newhall St,,,
5330101,Evans Ave,L,R,Thu,0-6,Jennings St  -  Keith St,,,
5333201,Evans Ave,R,L,Tues,0-6,Newhall St  -  03rd St,,,
5331101,Evans Ave,L,R,Thu,0-6,Keith St  -  Mendell St,,,
5333101,Evans Ave,L,R,Thu,0-6,Newhall St  -  03rd St,,,
5330201,Evans Ave,R,L,Tues,0-6,Jennings St  -  Keith St,,,
5344000,Evelyn Way,L,R,Tues,7-8,Portola Dr  -  Juanita Way,,,
5358000,Ewing Ter,L,R,Fri,9-11,Jean Way  -  Ewing Ter,,,
5372203,Executive Park Blvd,R,L,Fri,10-15,Candlestick Cove Way  -  End:  Block,,,
5372102,Executive Park Blvd,L,R,Fri,10-15,Blanken Ave  -  Candlestick Cove Way,,,
5372103,Executive Park Blvd,L,R,Fri,10-15,Candlestick Cove Way  -  End:  Block,,,
5373101,Executive Park Blvd,L,R,Fri,10-15,Executive Park Blvd  -  Thomas Mellon Dr,,,
5372202,Executive Park Blvd,R,L,Fri,10-15,Blanken Ave  -  Candlestick Cove Way,,,
5373201,Executive Park Blvd,R,L,Fri,10-15,Executive Park Blvd  -  Thomas Mellon Dr,,,
5377000,Fair Ave,L,R,Tues,12-14,Peters Ave  -  Coleridge St,,,
5376000,Fair Ave,L,R,Tues,12-14,Mission St  -  Peters Ave,,,
5429000,Faxon Ave,R,L,Thu,13-15,Faxon Ave  -  Southwood Dr,,,
12893000,Faxon Ave,R,L,Thu,12-14,Faxon Ave  -  Monterey Blvd,,,
5435000,Faxon Ave,L,R,Wed,13-15,Faxon Ave  -  Monterey Blvd,,,
5430000,Faxon Ave,L,R,Wed,12-14,Faxon Ave  -  Southwood Dr,,,
5569101,Fillmore St,L,R,Fri,10-12,Bay St  -  North Point St,,,
5570101,Fillmore St,L,R,Fri,10-12,North Point St  -  Beach St,,,
5571101,Fillmore St,L,R,Fri,10-12,Beach St  -  Jefferson St,,,
5568101,Fillmore St,L,R,Fri,10-12,Chestnut St  -  Bay St,,,
5572101,Fillmore St,L,R,Fri,10-12,Jefferson St  -  Retiro Way,,,
5723101,Font Blvd,L,R,Wed,6-7,Arballo Dr  -  Lake Merced Blvd,,,
5722201,Font Blvd,R,L,Thu,9-11,Holloway Ave  -  Arballo Dr,,,
5721101,Font Blvd,L,R,Tues,9-11,Serrano Dr  -  Holloway Ave,,,
5716101,Font Blvd,L,R,Tues,9-11,Junipero Serra Blvd  -  Chumasero Dr,,,
5716201,Font Blvd,R,L,Thu,9-11,Junipero Serra Blvd  -  Chumasero Dr,,,
5723201,Font Blvd,R,L,Thu,9-11,Arballo Dr  -  Lake Merced Blvd,,,
5722101,Font Blvd,L,R,Tues,9-11,Holloway Ave  -  Arballo Dr,,,
5719101,Font Blvd,L,R,Tues,9-11,Gonzalez Dr  -  Juan Bautista Cir,,,
5717101,Font Blvd,L,R,Tues,9-11,Chumasero Dr  -  Cambon Dr,,,
5720101,Font Blvd,L,R,Tues,9-11,Juan Bautista Cir  -  Serrano Dr,,,
5720201,Font Blvd,R,L,Thu,9-11,Juan Bautista Cir  -  Serrano Dr,,,
5718101,Font Blvd,L,R,Tues,9-11,Cambon Dr  -  Gonzalez Dr,,,
5719201,Font Blvd,R,L,Thu,9-11,Gonzalez Dr  -  Juan Bautista Cir,,,
5717201,Font Blvd,R,L,Thu,9-11,Chumasero Dr  -  Cambon Dr,,,
5721201,Font Blvd,R,L,Thu,9-11,Serrano Dr  -  Holloway Ave,,,
5718201,Font Blvd,R,L,Thu,9-11,Cambon Dr  -  Gonzalez Dr,,,
5770000,Francisco St,R,L,Mon,6-8,Polk St  -  Van Ness Ave,,,
5856000,Fredson Ct,L,R,Tues,8-10,Start: 01-99 Block  -  Huron Ave,,,
6000102,Garcia Ave,L,R,Fri,13-15,Pacheco St  -  Edgehill Way,,,
6000202,Garcia Ave,R,L,Mon,9-11,Pacheco St  -  Vasquez Ave,,,
6000201,Garcia Ave,R,L,Mon,9-11,Idora Ave  -  Pacheco St,,,
6000103,Garcia Ave,L,R,Fri,13-15,Edgehill Way  -  Vasquez Ave,,,
6000101,Garcia Ave,L,R,Fri,13-15,Idora Ave  -  Pacheco St,,,
6069201,Geary Blvd,R,L,Thu,7-8,Funston Ave  -  Park Presidio Blvd,,,
6060101,Geary Blvd,L,R,Mon,7-8,04th Ave  -  05th Ave,,,
6082101,Geary Blvd,L,R,Fri,7-8,25th Ave  -  26th Ave,,,
6078101,Geary Blvd,L,R,Sat,7-8,21st Ave  -  22nd Ave,,,
6068201,Geary Blvd,R,L,Tues,7-8,12th Ave  -  Funston Ave,,,
6061101,Geary Blvd,L,R,Wed,7-8,05th Ave  -  06th Ave,,,
6062101,Geary Blvd,L,R,Fri,7-8,06th Ave  -  07th Ave,,,
6061201,Geary Blvd,R,L,Thu,7-8,05th Ave  -  06th Ave,,,
6083101,Geary Blvd,L,R,Mon,7-8,26th Ave  -  27th Ave,,,
6064201,Geary Blvd,R,L,Thu,7-8,08th Ave  -  09th Ave,,,
6060201,Geary Blvd,R,L,Thu,7-8,04th Ave  -  05th Ave,,,
6066201,Geary Blvd,R,L,Thu,7-8,10th Ave  -  11th Ave,,,
6063101,Geary Blvd,L,R,Fri,7-8,07th Ave  -  08th Ave,,,
6070101,Geary Blvd,L,R,Wed,7-8,Park Presidio Blvd  -  14th Ave,,,
6072101,Geary Blvd,L,R,Wed,7-8,15th Ave  -  16th Ave,,,
6085101,Geary Blvd,L,R,Fri,7-8,28th Ave  -  29th Ave,,,
6077101,Geary Blvd,L,R,Wed,7-8,20th Ave  -  21st Ave,,,
6047102,Geary Blvd,L,R,Mon,6-8,Wood St  -  Collins St,,,
6072201,Geary Blvd,R,L,Thu,7-8,15th Ave  -  16th Ave,,,
6075201,Geary Blvd,R,L,Sun,7-8,18th Ave  -  19th Ave,,,
6041203,Geary Blvd,R,L,Mon,6-8,Fillmore St  -  Avery St,,,
6039101,Geary Blvd,L,R,Tues,9-11,Gough St  -  Cleary Ct,,,
6078201,Geary Blvd,R,L,Tues,7-8,21st Ave  -  22nd Ave,,,
6062201,Geary Blvd,R,L,Thu,7-8,06th Ave  -  07th Ave,,,
6073201,Geary Blvd,R,L,Thu,7-8,16th Ave  -  17th Ave,,,
6051201,Geary Blvd,R,L,Tues,6-8,Spruce St  -  Parker Ave,,,
6074201,Geary Blvd,R,L,Sun,7-8,17th Ave  -  18th Ave,,,
6098201,Geary Blvd,R,L,Tues,0-6,41st Ave  -  42nd Ave,,,
6071101,Geary Blvd,L,R,Fri,7-8,14th Ave  -  15th Ave,,,
6087101,Geary Blvd,L,R,Mon,7-8,30th Ave  -  31st Ave,,,
6086201,Geary Blvd,R,L,Thu,7-8,29th Ave  -  30th Ave,,,
6070201,Geary Blvd,R,L,Tues,7-8,Park Presidio Blvd  -  14th Ave,,,
6068101,Geary Blvd,L,R,Mon,7-8,12th Ave  -  Funston Ave,,,
6057101,Geary Blvd,L,R,Sat,7-8,Arguello Blvd  -  02nd Ave,,,
6095101,Geary Blvd,L,R,Tues,10-12,38th Ave  -  39th Ave,,,
6054201,Geary Blvd,R,L,Thu,6-8,Commonwealth Ave  -  Stanyan St,,,
6071201,Geary Blvd,R,L,Thu,7-8,14th Ave  -  15th Ave,,,
6059101,Geary Blvd,L,R,Mon,7-8,03rd Ave  -  04th Ave,,,
6073101,Geary Blvd,L,R,Fri,7-8,16th Ave  -  17th Ave,,,
6081201,Geary Blvd,R,L,Tues,7-8,24th Ave  -  25th Ave,,,
6081101,Geary Blvd,L,R,Mon,7-8,24th Ave  -  25th Ave,,,
6045102,Geary Blvd,L,R,Thu,6-8,Lyon St  -  Presidio Ave,,,
6074101,Geary Blvd,L,R,Mon,7-8,17th Ave  -  18th Ave,,,
6042201,Geary Blvd,R,L,Mon,6-8,Steiner St  -  Scott St,,,
6082201,Geary Blvd,R,L,Thu,7-8,25th Ave  -  26th Ave,,,
6066101,Geary Blvd,L,R,Mon,7-8,10th Ave  -  11th Ave,,,
6067201,Geary Blvd,R,L,Thu,7-8,11th Ave  -  12th Ave,,,
6064101,Geary Blvd,L,R,Fri,7-8,08th Ave  -  09th Ave,,,
6047101,Geary Blvd,L,R,Fri,6-8,Masonic Ave  -  Wood St,,,
6079201,Geary Blvd,R,L,Thu,7-8,22nd Ave  -  23rd Ave,,,
6083201,Geary Blvd,R,L,Thu,7-8,26th Ave  -  27th Ave,,,
6043201,Geary Blvd,R,L,Wed,6-8,Scott St  -  Divisadero St,,,
6053201,Geary Blvd,R,L,Tues,6-8,Beaumont Ave  -  Commonwealth Ave,,,
6047203,Geary Blvd,R,L,Tues,6-8,Wood St  -  Collins St,,,
6084201,Geary Blvd,R,L,Thu,7-8,27th Ave  -  28th Ave,,,
6049101,Geary Blvd,L,R,Mon,6-8,Blake St  -  Cook St,,,
6055101,Geary Blvd,L,R,Fri,6-8,Stanyan St  -  Palm Ave,,,
6091101,Geary Blvd,L,R,Tues,10-12,34th Ave  -  35th Ave,,,
6096201,Geary Blvd,R,L,Thu,11-13,39th Ave  -  40th Ave,,,
6076101,Geary Blvd,L,R,Wed,7-8,19th Ave  -  20th Ave,,,
6048101,Geary Blvd,L,R,Wed,6-8,Collins St  -  Blake St,,,
6063201,Geary Blvd,R,L,Sun,7-8,07th Ave  -  08th Ave,,,
6057201,Geary Blvd,R,L,Sun,7-8,Arguello Blvd  -  02nd Ave,,,
6041204,Geary Blvd,R,L,Fri,6-8,Avery St  -  Steiner St,,,
6044201,Geary Blvd,R,L,Mon,6-8,Divisadero St  -  Broderick St,,,
6098101,Geary Blvd,L,R,Thu,0-6,41st Ave  -  42nd Ave,,,
6088201,Geary Blvd,R,L,Thu,7-8,31st Ave  -  32nd Ave,,,
6047201,Geary Blvd,R,L,Thu,6-8,Masonic Ave  -  Emerson St,,,
6080101,Geary Blvd,L,R,Mon,7-8,23rd Ave  -  24th Ave,,,
6075101,Geary Blvd,L,R,Mon,7-8,18th Ave  -  19th Ave,,,
6094101,Geary Blvd,L,R,Tues,10-12,37th Ave  -  38th Ave,,,
6040201,Geary Blvd,R,L,Mon,6-8,Laguna St  -  Webster St,,,
6077201,Geary Blvd,R,L,Thu,7-8,20th Ave  -  21st Ave,,,
6093101,Geary Blvd,L,R,Tues,10-12,36th Ave  -  37th Ave,,,
6079101,Geary Blvd,L,R,Mon,7-8,22nd Ave  -  23rd Ave,,,
6059201,Geary Blvd,R,L,Thu,7-8,03rd Ave  -  04th Ave,,,
6065101,Geary Blvd,L,R,Mon,7-8,09th Ave  -  10th Ave,,,
6093201,Geary Blvd,R,L,Thu,11-13,36th Ave  -  37th Ave,,,
6088101,Geary Blvd,L,R,Mon,7-8,31st Ave  -  32nd Ave,,,
6058101,Geary Blvd,L,R,Wed,7-8,02nd Ave  -  03rd Ave,,,
6085201,Geary Blvd,R,L,Thu,7-8,28th Ave  -  29th Ave,,,
6041202,Geary Blvd,R,L,Mon,6-8,Webster St  -  Fillmore St,,,
6052101,Geary Blvd,L,R,Mon,6-8,Parker Ave  -  Beaumont Ave,,,
6069101,Geary Blvd,L,R,Wed,7-8,Funston Ave  -  Park Presidio Blvd,,,
6046201,Geary Blvd,R,L,Thu,6-8,Presidio Ave  -  Masonic Ave,,,
6087201,Geary Blvd,R,L,Tues,7-8,30th Ave  -  31st Ave,,,
6055201,Geary Blvd,R,L,Tues,6-8,Stanyan St  -  Jordan Ave,,,
6047202,Geary Blvd,R,L,Thu,6-8,Emerson St  -  Wood St,,,
6092101,Geary Blvd,L,R,Tues,10-12,35th Ave  -  36th Ave,,,
6086101,Geary Blvd,L,R,Fri,7-8,29th Ave  -  30th Ave,,,
6049201,Geary Blvd,R,L,Tues,6-8,Blake St  -  Cook St,,,
6067101,Geary Blvd,L,R,Sat,7-8,11th Ave  -  12th Ave,,,
6084101,Geary Blvd,L,R,Sat,7-8,27th Ave  -  28th Ave,,,
6039201,Geary Blvd,R,L,Wed,6-8,Gough St  -  Laguna St,,,
6053101,Geary Blvd,L,R,Fri,6-8,Beaumont Ave  -  Commonwealth Ave,,,
6089201,Geary Blvd,R,L,Thu,11-13,32nd Ave  -  33rd Ave,,,
6045202,Geary Blvd,R,L,Mon,6-8,Lyon St  -  Presidio Ave,,,
6045101,Geary Blvd,L,R,Thu,6-8,Baker St  -  Lyon St,,,
6055202,Geary Blvd,R,L,Thu,6-8,Jordan Ave  -  Palm Ave,,,
6056201,Geary Blvd,R,L,Thu,6-8,Palm Ave  -  Arguello Blvd,,,
6048201,Geary Blvd,R,L,Tues,6-8,Collins St  -  Blake St,,,
6056101,Geary Blvd,L,R,Wed,6-8,Palm Ave  -  Arguello Blvd,,,
6054101,Geary Blvd,L,R,Fri,6-8,Commonwealth Ave  -  Stanyan St,,,
6046101,Geary Blvd,L,R,Thu,6-8,Presidio Ave  -  Masonic Ave,,,
6050201,Geary Blvd,R,L,Thu,6-8,Cook St  -  Spruce St,,,
6040102,Geary Blvd,L,R,Tues,9-11,Laguna St  -  Buchanan St,,,
6076201,Geary Blvd,R,L,Sun,7-8,19th Ave  -  20th Ave,,,
6080201,Geary Blvd,R,L,Thu,7-8,23rd Ave  -  24th Ave,,,
6050101,Geary Blvd,L,R,Mon,6-8,Cook St  -  Spruce St,,,
6044202,Geary Blvd,R,L,Mon,6-8,Broderick St  -  Baker St,,,
6045201,Geary Blvd,R,L,Mon,6-8,Baker St  -  Lyon St,,,
6051101,Geary Blvd,L,R,Mon,6-8,Spruce St  -  Parker Ave,,,
6040103,Geary Blvd,L,R,Tues,9-11,Buchanan St  -  Zampa Ln,,,
6040104,Geary Blvd,L,R,Tues,9-11,Zampa Ln  -  End:  Block,,,
6058201,Geary Blvd,R,L,Sun,7-8,02nd Ave  -  03rd Ave,,,
6039102,Geary Blvd,L,R,Tues,9-11,Cleary Ct  -  Laguna St,,,
6044101,Geary Blvd,L,R,Tues,6-8,Divisadero St  -  Baker St,,,
6065201,Geary Blvd,R,L,Thu,7-8,09th Ave  -  10th Ave,,,
6100201,Geary Blvd,R,L,Thu,11-13,43rd Ave  -  44th Ave,,,
6095201,Geary Blvd,R,L,Thu,11-13,38th Ave  -  39th Ave,,,
6052201,Geary Blvd,R,L,Tues,6-8,Parker Ave  -  Beaumont Ave,,,
6091201,Geary Blvd,R,L,Thu,11-13,34th Ave  -  35th Ave,,,
6092201,Geary Blvd,R,L,Thu,11-13,35th Ave  -  36th Ave,,,
6090101,Geary Blvd,L,R,Tues,10-12,33rd Ave  -  34th Ave,,,
6094201,Geary Blvd,R,L,Thu,11-13,37th Ave  -  38th Ave,,,
6099101,Geary Blvd,L,R,Tues,10-12,42nd Ave  -  43rd Ave,,,
6089101,Geary Blvd,L,R,Tues,10-12,32nd Ave  -  33rd Ave,,,
6100101,Geary Blvd,L,R,Tues,10-12,43rd Ave  -  44th Ave,,,
6096101,Geary Blvd,L,R,Tues,10-12,39th Ave  -  40th Ave,,,
6090201,Geary Blvd,R,L,Thu,11-13,33rd Ave  -  34th Ave,,,
6150102,Geneva Ave,L,R,Wed,8-11,Parque Dr  -  Cielito Dr,,,
6139101,Geneva Ave,L,R,Wed,5-7,London St  -  Paris St,,,
6128201,Geneva Ave,R,L,Fri,7-8,Howth St  -  Louisburg St,,,
6148201,Geneva Ave,R,L,Fri,6-8,Prague St  -  Linda Vista Stps,,,
6135101,Geneva Ave,L,R,Thu,6-8,Bannock St  -  Alemany Blvd,,,
6150201,Geneva Ave,R,L,Mon,8-11,Carter St  -  Cielito Dr,,,
6129201,Geneva Ave,R,L,Fri,7-8,Louisburg St  -  I-280 S Off Ramp,,,
6152101,Geneva Ave,L,R,Wed,8-11,Esquina Dr  -  Carrizal St,,,
6142101,Geneva Ave,L,R,Tues,6-8,Madrid St  -  Edinburg St,,,
6130201,Geneva Ave,R,L,Fri,7-8,I-280 S Off Ramp  -  I-280 N On Ramp,,,
6132201,Geneva Ave,R,L,Tues,7-9,San Jose Ave  -  Delano Ave,,,
6134102,Geneva Ave,L,R,Thu,6-8,Baywood Ct  -  Bannock St,,,
6138101,Geneva Ave,L,R,Tues,5-7,Mission St  -  London St,,,
6133201,Geneva Ave,R,L,Tues,7-9,Delano Ave  -  Cayuga Ave,,,
6149101,Geneva Ave,L,R,Wed,8-11,Brookdale Ave  -  Carter St,,,
6137101,Geneva Ave,L,R,Tues,6-8,Gloria Ct  -  Mission St,,,
6143101,Geneva Ave,L,R,Thu,6-8,Edinburg St  -  Naples St,,,
6136101,Geneva Ave,L,R,Thu,6-8,Alemany Blvd  -  Gloria Ct,,,
6149201,Geneva Ave,R,L,Fri,6-8,Brookdale Ave  -  Carter St,,,
6150101,Geneva Ave,L,R,Wed,8-11,Carter St  -  Parque Dr,,,
6131201,Geneva Ave,R,L,Fri,7-8,I-280 N On Ramp  -  San Jose Ave,,,
6141101,Geneva Ave,L,R,Thu,6-8,Lisbon St  -  Madrid St,,,
6134201,Geneva Ave,R,L,Tues,7-9,Cayuga Ave  -  Bannock St,,,
6146101,Geneva Ave,L,R,Tues,6-8,Athens St  -  South Hill Blvd,,,
6151101,Geneva Ave,L,R,Wed,8-11,Cielito Dr  -  Esquina Dr,,,
6133101,Geneva Ave,L,R,Thu,6-8,Delano Ave  -  Cayuga Ave,,,
6132101,Geneva Ave,L,R,Thu,6-8,San Jose Ave  -  Delano Ave,,,
6152201,Geneva Ave,R,L,Mon,8-11,Esquina Dr  -  Carrizal St,,,
6148204,Geneva Ave,R,L,Fri,6-8,Stoneridge Ln  -  Brookdale Ave,,,
6147101,Geneva Ave,L,R,Tues,6-8,South Hill Blvd  -  Prague St,,,
6145101,Geneva Ave,L,R,Thu,6-8,Vienna St  -  Athens St,,,
6135201,Geneva Ave,R,L,Tues,7-9,Bannock St  -  Alemany Blvd,,,
6153101,Geneva Ave,L,R,Wed,8-11,Carrizal St  -  Santos St,,,
6140101,Geneva Ave,L,R,Tues,6-8,Paris St  -  Lisbon St,,,
6127201,Geneva Ave,R,L,Fri,7-8,Ocean Ave  -  Howth St,,,
6144101,Geneva Ave,L,R,Thu,6-8,Naples St  -  Vienna St,,,
6134101,Geneva Ave,L,R,Thu,6-8,Cayuga Ave  -  Baywood Ct,,,
6148203,Geneva Ave,R,L,Fri,6-8,Linda Vista Stps  -  Stoneridge Ln,,,
6148101,Geneva Ave,L,R,Tues,6-8,Prague St  -  Brookdale Ave,,,
6153201,Geneva Ave,R,L,Mon,8-11,Carrizal St  -  Santos St,,,
6151201,Geneva Ave,R,L,Mon,8-11,Cielito Dr  -  Esquina Dr,,,
6168000,Giants Dr,L,R,Wed,8-10,Jamestown Ave  -  Giants Dr,,,
6169000,Giants Dr,R,L,Wed,8-10,Jamestown Ave  -  Giants Dr,,,
6221000,Glenview Dr,R,L,Wed,12-14,Portola Dr  -  Portola Dr,,,
6355000,Grafton Ave,L,R,Thu,8-10,Mount Vernon Ave  -  Harold Ave,,,
6372201,Grand View Ave,R,L,Mon,12-14,Romain St  -  Morgan Aly,,,
6372101,Grand View Ave,L,R,Wed,12-14,Romain St  -  21st St,,,
6372102,Grand View Ave,L,R,Wed,12-14,21st St  -  Morgan Aly,,,
6418000,Grant Ave,L,R,Mon,2-6,North Point St  -  The Embarcadero,,,
6432101,Great Hwy,L,R,Sat,2-6,Balboa St  -  Cabrillo St,,,
6434201,Great Hwy,R,L,Sat,3-5,Fulton St  -  John F Kennedy Dr,,,
6434101,Great Hwy,L,R,Tues,0-6,Fulton St  -  John F Kennedy Dr,,,
6433101,Great Hwy,L,R,Wed,0-6,Cabrillo St  -  Fulton St,,,
6435101,Great Hwy,L,R,Tues,0-6,John F Kennedy Dr  -  Lincoln Way,,,
6431201,Great Hwy,R,L,Mon,0-6,Point Lobos Ave  -  Balboa St,,,
6433201,Great Hwy,R,L,Thu,0-6,Cabrillo St  -  Fulton St,,,
6435201,Great Hwy,R,L,Fri,0-6,John F Kennedy Dr  -  Lincoln Way,,,
6432201,Great Hwy,R,L,Sat,3-5,Balboa St  -  Cabrillo St,,,
6431101,Great Hwy,L,R,Tues,0-6,Point Lobos Ave  -  Balboa St,,,
6449000,Green St,L,R,Wed,7-8,Sonoma St  -  Varennes St,,,
6444001,Green St,R,L,Wed,7-8,Montgomery St  -  Kohler Pl,,,
6444002,Green St,R,L,Wed,7-8,Kohler Pl  -  Castle St,,,
6447000,Green St,R,L,Wed,7-8,Reno Pl  -  Kearny St,,,
6445000,Green St,R,L,Wed,7-8,Castle St  -  Windsor Pl,,,
6448000,Green St,L,R,Wed,7-8,Kearny St  -  Sonoma St,,,
6450000,Green St,L,R,Wed,7-8,Varennes St  -  Grant Ave,,,
6446000,Green St,R,L,Wed,7-8,Windsor Pl  -  Reno Pl,,,
6486000,Greenwich St,R,L,Mon,2-6,Sansome St  -  Greenwich St,,,
6582202,Guerrero St,R,L,Fri,8-9,Liberty St  -  21st St,,,
6581101,Guerrero St,L,R,Wed,8-10,19th St  -  20th St,,,
6577101,Guerrero St,L,R,Wed,8-10,15th St  -  16th St,,,
6584201,Guerrero St,R,L,Thu,7-9,22nd St  -  23rd St,,,
6582201,Guerrero St,R,L,Tues,8-9,20th St  -  Liberty St,,,
6586201,Guerrero St,R,L,Mon,7-9,24th St  -  25th St,,,
6575202,Guerrero St,R,L,Fri,8-9,Clinton Park  -  14th St,,,
6577201,Guerrero St,R,L,Fri,8-9,15th St  -  16th St,,,
6578201,Guerrero St,R,L,Fri,8-9,16th St  -  17th St,,,
6586101,Guerrero St,L,R,Fri,9-11,24th St  -  25th St,,,
6581202,Guerrero St,R,L,Tues,8-9,Cumberland St  -  20th St,,,
6574101,Guerrero St,L,R,Wed,8-10,Market St  -  Duboce Ave,,,
6578101,Guerrero St,L,R,Wed,8-10,16th St  -  Camp St,,,
6585201,Guerrero St,R,L,Mon,7-9,23rd St  -  24th St,,,
6590101,Guerrero St,L,R,Fri,9-11,27th St  -  Duncan St,,,
6583102,Guerrero St,L,R,Fri,9-11,Hill St  -  22nd St,,,
6574201,Guerrero St,R,L,Tues,8-9,Market St  -  Duboce Ave,,,
6584102,Guerrero St,L,R,Fri,9-11,Alvarado St  -  23rd St,,,
6587201,Guerrero St,R,L,Thu,7-9,25th St  -  26th St,,,
6575201,Guerrero St,R,L,Fri,8-9,Duboce Ave  -  Clinton Park,,,
6583201,Guerrero St,R,L,Mon,7-9,21st St  -  22nd St,,,
6587101,Guerrero St,L,R,Fri,9-11,25th St  -  26th St,,,
6579201,Guerrero St,R,L,Tues,8-9,17th St  -  Dorland St,,,
6585102,Guerrero St,L,R,Fri,9-11,Elizabeth St  -  24th St,,,
6575101,Guerrero St,L,R,Wed,8-10,Duboce Ave  -  Clinton Park,,,
6582101,Guerrero St,L,R,Wed,8-10,20th St  -  Liberty St,,,
6578102,Guerrero St,L,R,Wed,8-10,Camp St  -  17th St,,,
6579202,Guerrero St,R,L,Fri,8-9,Dorland St  -  18th St,,,
6588201,Guerrero St,R,L,Mon,7-9,26th St  -  Cesar Chavez St,,,
6584101,Guerrero St,L,R,Fri,9-11,22nd St  -  Alvarado St,,,
6582102,Guerrero St,L,R,Wed,8-10,Liberty St  -  21st St,,,
6576201,Guerrero St,R,L,Tues,8-9,14th St  -  15th St,,,
6580101,Guerrero St,L,R,Wed,8-10,18th St  -  19th St,,,
6575102,Guerrero St,L,R,Wed,8-10,Clinton Park  -  Brosnan St,,,
6576102,Guerrero St,L,R,Wed,8-10,14th St  -  Rosa Parks Ln,,,
6589101,Guerrero St,L,R,Fri,9-11,Cesar Chavez St  -  27th St,,,
6580201,Guerrero St,R,L,Tues,8-9,18th St  -  19th St,,,
6585101,Guerrero St,L,R,Fri,9-11,23rd St  -  Elizabeth St,,,
6575103,Guerrero St,L,R,Wed,8-10,Brosnan St  -  14th St,,,
6583101,Guerrero St,L,R,Fri,9-11,21st St  -  Hill St,,,
6576103,Guerrero St,L,R,Wed,8-10,Rosa Parks Ln  -  15th St,,,
6579101,Guerrero St,L,R,Wed,8-10,17th St  -  18th St,,,
6581201,Guerrero St,R,L,Tues,8-9,19th St  -  Cumberland St,,,
6588101,Guerrero St,L,R,Fri,9-11,26th St  -  Cesar Chavez St,,,
6593000,Guttenberg St,L,R,Tues,9-11,Morse St  -  Brunswick St,,,
6592000,Guttenberg St,L,R,Tues,9-11,Mission St  -  Morse St,,,
6594000,Guttenberg St,L,R,Fri,12-14,Brunswick St  -  Pretor Way,,,
6595000,Guttenberg St,L,R,Tues,9-11,Pretor Way  -  Hanover St,,,
6782000,Havelock St,L,R,Mon,13-15,Edna St  -  West,,,
6788000,Hawes St,R,L,Tues,8-10,Hudson Ave  -  Innes Ave,,,
6811000,Hayes St,L,R,Tues,2-6,Market St  -  Larkin St,,,
6847000,Head St,L,R,Wed,8-10,Santa Barbara Ave  -  Shakespeare St,,,
6850000,Head St,R,L,Mon,8-10,Palmetto Ave  -  Head St,,,
6846000,Head St,L,R,Wed,8-10,Start: 01-49 Block  -  Santa Barbara Ave,,,
6873000,Helena St,R,L,Wed,0-6,Elmira St  -  Charter Oak Ave,,,
6899000,Hickory St,L,R,Tues,12-14,Franklin St  -  Gough St,,,
6918000,Higuera Ave,L,R,Mon,9-11,Vidal Dr  -  Arballo Dr,,,
6943101,Holladay Ave,L,R,Thu,12-14,Peralta Ave  -  Eve St,,,
6943102,Holladay Ave,L,R,Thu,12-14,Eve St  -  York St,,,
6943201,Holladay Ave,R,L,Wed,12-14,Peralta Ave  -  Wright St,,,
6943202,Holladay Ave,R,L,Wed,12-14,Wright St  -  York St,,,
6997102,Holloway Ave,L,R,Wed,6-7,Cardenas Ave  -  Arellano Ave,,,
6997202,Holloway Ave,R,L,Wed,6-7,Unnamed 107  -  Arellano Ave,,,
6993101,Holloway Ave,L,R,Wed,9-11,Junipero Serra Blvd  -  Stratford Dr,,,
6998101,Holloway Ave,L,R,Wed,6-7,Arellano Ave  -  Font Blvd,,,
6992000,Holloway Ave,L,R,Wed,9-11,Junipero Serra Blvd  -  Junipero Serra Blvd,,,
6997201,Holloway Ave,R,L,Wed,6-7,Varela Ave  -  Unnamed #107,,,
6998201,Holloway Ave,R,L,Wed,6-7,Arellano Ave  -  Tapia Dr,,,
6996201,Holloway Ave,R,L,Wed,6-7,19th Ave  -  Varela Ave,,,
6995201,Holloway Ave,R,L,Mon,8-10,Denslowe Dr  -  19th Ave,,,
6995101,Holloway Ave,L,R,Wed,9-11,Denslowe Dr  -  19th Ave,,,
6998202,Holloway Ave,R,L,Wed,6-7,Tapia Dr  -  Font Blvd,,,
6994201,Holloway Ave,R,L,Mon,8-10,Stratford Dr  -  Denslowe Dr,,,
6997101,Holloway Ave,L,R,Wed,6-7,Varela Ave  -  Cardenas Ave,,,
6993201,Holloway Ave,R,L,Mon,8-10,Junipero Serra Blvd  -  Stratford Dr,,,
6996101,Holloway Ave,L,R,Wed,6-7,19th Ave  -  Varela Ave,,,
6994101,Holloway Ave,L,R,Wed,9-11,Stratford Dr  -  Denslowe Dr,,,
7016000,Holyoke St,L,R,Wed,12-15,Mansell St  -  Ankeny St,,,
7022000,Hooper St,R,L,Thu,0-6,08th St  -  07th St,,,
7064000,Hubbell St,R,L,Thu,0-6,16th St  -  07th St,,,
7158201,Idora Ave,R,L,Tues,13-15,Laguna Honda Blvd  -  Garcia Ave,,,
7158101,Idora Ave,L,R,Mon,9-11,Laguna Honda Blvd  -  Rock Aly,,,
7158102,Idora Ave,L,R,Mon,9-11,Rock Aly  -  Garcia Ave,,,
7159000,Ignacio Ave,R,L,Wed,8-10,Ignacio Ave  -  Gilroy St,,,
7205101,Industrial St,L,R,Wed,0-6,Palou Ave  -  Quesada Ave,,,
7205103,Industrial St,L,R,Wed,0-6,Revere Ave  -  Barneveld Ave,,,
7207101,Industrial St,L,R,Wed,0-6,Charter Oak Ave  -  Loomis St,,,
7208101,Industrial St,L,R,Sun,2-3,Loomis St  -  Bay Shore Blvd,,,
7206201,Industrial St,R,L,Sun,2-3,Barneveld Ave  -  Charter Oak Ave,,,
7204101,Industrial St,L,R,Wed,0-6,Oakdale Ave  -  Palou Ave,,,
7206101,Industrial St,L,R,Wed,0-6,Barneveld Ave  -  Charter Oak Ave,,,
7207201,Industrial St,R,L,Sun,2-3,Charter Oak Ave  -  Loomis St,,,
7205102,Industrial St,L,R,Wed,0-6,Quesada Ave  -  Revere Ave,,,
7205201,Industrial St,R,L,Sun,2-3,Palou Ave  -  Barneveld Ave,,,
7204201,Industrial St,R,L,Sun,2-3,Oakdale Ave  -  Palou Ave,,,
7208201,Industrial St,R,L,Tues,0-6,Loomis St  -  Bay Shore Blvd,,,
19397001,Innes Ave,R,L,Thu,8-10,onahue St - Earl St,,,
7328000,Irwin St,R,L,Tues,0-6,08th St  -  07th St,,,
7353000,Ivy St,L,R,Mon,9-11,Buchanan St  -  Webster St,,,
7352000,Ivy St,L,R,Mon,9-11,Laguna St  -  Buchanan St,,,
7425201,Jamestown Ave,R,L,Fri,10-15,Giants Dr  -  Ignacio Ave,,,
7425101,Jamestown Ave,L,R,Fri,10-15,Harney Way  -  Ignacio Ave,,,
7466000,Jennings Ct,L,R,Mon,8-10,Jennings St  -  Jennings Ct,,,
7468000,Jennings Ct,L,R,Wed,9-11,Jennings Ct  -  Meade Ave,,,
7500201,Jerrold Ave,R,L,Thu,0-6,Jerrold Ave  -  Rankin St,,,
7506000,Jerrold Ave,R,L,Thu,0-6,Jerrold Ave  -  Bay Shore Blvd,,,
7500101,Jerrold Ave,L,R,Wed,0-6,Jerrold Ave  -  Rankin St,,,
7505000,Jerrold Ave,L,R,Tues,0-6,Jerrold Ave  -  Bay Shore Blvd,,,
7500102,Jerrold Ave,L,R,Wed,0-6,Rankin St  -  Selby St,,,
9706000,Jerrold Ave,R,L,Fri,9-11,Earl St  -  Fitch St,,,
7523000,Jessie St,R,L,Wed,4-6,06th St  -  End: 500-599 Block,,,
7624000,Juan Bautista Cir,R,L,Mon,9-11,Crespi Dr  -  Crespi Dr,,,
7652101,Judah St,L,R,Mon,7-8,17th Ave  -  18th Ave,,,
7647101,Judah St,L,R,Mon,7-8,12th Ave  -  Funston Ave,,,
7653101,Judah St,L,R,Mon,7-8,18th Ave  -  19th Ave,,,
7651201,Judah St,R,L,Fri,7-8,16th Ave  -  17th Ave,,,
7648101,Judah St,L,R,Mon,7-8,Funston Ave  -  14th Ave,,,
7648201,Judah St,R,L,Fri,7-8,Funston Ave  -  14th Ave,,,
7645201,Judah St,R,L,Fri,7-8,10th Ave  -  11th Ave,,,
7645101,Judah St,L,R,Mon,7-8,10th Ave  -  11th Ave,,,
7644201,Judah St,R,L,Tues,7-8,09th Ave  -  10th Ave,,,
7646101,Judah St,L,R,Mon,7-8,11th Ave  -  12th Ave,,,
7652201,Judah St,R,L,Fri,7-8,17th Ave  -  18th Ave,,,
7651101,Judah St,L,R,Mon,7-8,16th Ave  -  17th Ave,,,
7650201,Judah St,R,L,Fri,7-8,15th Ave  -  16th Ave,,,
7647201,Judah St,R,L,Fri,7-8,12th Ave  -  Funston Ave,,,
7644101,Judah St,L,R,Wed,7-8,09th Ave  -  10th Ave,,,
7649101,Judah St,L,R,Mon,7-8,14th Ave  -  15th Ave,,,
7649201,Judah St,R,L,Fri,7-8,14th Ave  -  15th Ave,,,
7653201,Judah St,R,L,Fri,7-8,18th Ave  -  19th Ave,,,
7650101,Judah St,L,R,Mon,7-8,15th Ave  -  16th Ave,,,
7646201,Judah St,R,L,Fri,7-8,11th Ave  -  12th Ave,,,
7710201,Junipero Serra Blvd,R,L,Wed,6-7,19th Ave  -  Font Blvd,,,
7703000,"Junipero Serra Frontage, East",L,R,Thu,10-12,Saint Francis Blvd  -  Monterey Blvd,,,
12974000,"Junipero Serra Frontage, East",R,L,Mon,8-10,Holloway Ave  -  End: 00-0 Block,,,
7704000,"Junipero Serra Frontage, East",L,R,Thu,10-12,Monterey Blvd  -  Darien Way,,,
7705000,"Junipero Serra Frontage, East",L,R,Thu,10-12,Darien Way  -  Ocean Ave,,,
7717000,Juri St,R,L,Thu,8-10,San Jose Ave  -  End: 01-99 Block,,,
7723000,Justin Dr,R,L,Mon,8-10,Justin Dr  -  Justin Dr,,,
7722000,Justin Dr,L,R,Thu,8-10,Justin Dr  -  Justin Dr,,,
7807201,Kensington Way,R,L,Fri,13-15,Vasquez Ave  -  Merced Ave,,,
7807101,Kensington Way,L,R,Fri,13-15,Vasquez Ave  -  Merced Ave,,,
7828201,Kezar Dr,R,L,Fri,6-7,Martin Luther King Jr Dr  -  Lincoln Way,,,
7827103,Kezar Dr,L,R,Wed,6-8,Arguello Blvd  -  Martin Luther King Jr Dr,,,
7827101,Kezar Dr,L,R,Wed,6-8,Waller St  -  Unnamed #139,,,
7827201,Kezar Dr,R,L,Fri,6-7,Waller St  -  Martin Luther King Jr Dr,,,
7828101,Kezar Dr,L,R,Wed,6-8,Martin Luther King Jr Dr  -  Lincoln Way,,,
7827102,Kezar Dr,L,R,Wed,6-8,Unnamed 139  -  Arguello Blvd,,,
7834201,King St,R,L,Fri,0-2,04th St  -  05th St,,,
7833101,King St,L,R,Tues,0-2,03rd St  -  04th St,,,
7834101,King St,L,R,Tues,0-2,04th St  -  05th St,,,
7833201,King St,R,L,Sat,1-3,03rd St  -  04th St,,,
7890003,Kirkwood Ave,L,R,Fri,9-11,Nautilus Dr  -  Atoll Cir,,,
7890001,Kirkwood Ave,L,R,Fri,9-11,La Salle Ave  -  Albatross Ct,,,
7890004,Kirkwood Ave,L,R,Fri,9-11,Atoll Cir  -  Earl St,,,
7890002,Kirkwood Ave,L,R,Fri,9-11,Albatross Ct  -  Nautilus Dr,,,
7932201,La Salle Ave,R,L,Tues,8-10,Cashmere St  -  Mendell St,,,
7931102,La Salle Ave,L,R,Fri,8-10,Newcomb Ave  -  Las Villas Ct,,,
7931202,La Salle Ave,R,L,Mon,13-15,Lindsay Cir  -  Cashmere St,,,
7931201,La Salle Ave,R,L,Mon,13-15,Newcomb Ave  -  Lindsay Cir,,,
7997201,Laguna Honda Blvd,R,L,Wed,9-11,Idora Ave  -  Ulloa St,,,
7989101,Laguna Honda Blvd,L,R,Tues,7-8,Clarendon Ave  -  Plaza St,,,
7988101,Laguna Honda Blvd,L,R,Sun,5-7,Noriega St  -  Clarendon Ave,,,
7991101,Laguna Honda Blvd,L,R,Tues,7-8,Dewey Blvd  -  Woodside Ave,,,
7988201,Laguna Honda Blvd,R,L,Sun,5-7,Noriega St  -  Clarendon Ave,,,
7998101,Laguna Honda Blvd,L,R,Fri,10-12,Ulloa St  -  Portola Dr,,,
7990101,Laguna Honda Blvd,L,R,Tues,7-8,Plaza St  -  Dewey Blvd,,,
7991201,Laguna Honda Blvd,R,L,Wed,9-11,Dewey Blvd  -  Woodside Ave,,,
7990201,Laguna Honda Blvd,R,L,Wed,9-11,Plaza St  -  Dewey Blvd,,,
7989201,Laguna Honda Blvd,R,L,Wed,9-11,Clarendon Ave  -  Plaza St,,,
7992101,Laguna Honda Blvd,L,R,Fri,10-12,Woodside Ave  -  Vasquez Ave,,,
7992202,Laguna Honda Blvd,R,L,Wed,9-11,Merced Ave  -  Vasquez Ave,,,
7992201,Laguna Honda Blvd,R,L,Wed,9-11,Woodside Ave  -  Merced Ave,,,
7998201,Laguna Honda Blvd,R,L,Wed,9-11,Ulloa St  -  Portola Dr,,,
7997101,Laguna Honda Blvd,L,R,Fri,10-12,Idora Ave  -  Ulloa St,,,
8051101,Lake Merced Blvd,L,R,Mon,7-8,Higuera Ave  -  Brotherhood Way,,,
8050201,Lake Merced Blvd,R,L,Wed,7-8,Higuera Ave  -  Higuera Ave,,,
8042000,Lake Merced Blvd,L,R,Sat,4-6,Skyline Blvd  -  Lakeshore Dr,,,
8051201,Lake Merced Blvd,R,L,Wed,7-8,Higuera Ave  -  Brotherhood Way,,,
8049101,Lake Merced Blvd,L,R,Mon,7-8,Font Blvd  -  Higuera Ave,,,
8049201,Lake Merced Blvd,R,L,Wed,7-8,Font Blvd  -  Higuera Ave,,,
8043000,Lake Merced Blvd,R,L,Sat,4-6,Skyline Blvd  -  Lakeshore Dr,,,
8040201,Lake St,R,L,Tues,9-11,30th Ave  -  El Camino Del Mar,,,
8040101,Lake St,L,R,Thu,9-11,30th Ave  -  El Camino Del Mar,,,
8037000,Lake St,L,R,Thu,9-11,28th Ave  -  28th Ave,,,
8115000,Lapidge St,R,L,Wed,9-11,18th St  -  19th St,,,
8155000,Larkin St,L,R,Wed,8-10,Chestnut St  -  Francisco St,,,
8165000,Lathrop Ave,L,R,Fri,8-11,Gillette Ave  -  End: 600-699 Block,,,
8197101,Lawton St,L,R,Wed,11-13,17th Ave  -  18th Ave,,,
8197201,Lawton St,R,L,Mon,11-13,17th Ave  -  18th Ave,,,
8196201,Lawton St,R,L,Mon,11-13,16th Ave  -  17th Ave,,,
8196101,Lawton St,L,R,Wed,11-13,16th Ave  -  17th Ave,,,
8273000,Leavenworth St,R,L,Tues,2-6,North Point St  -  Columbus Ave,,,
8324201,Liberty St,R,L,Mon,12-14,Church St  -  Sanchez St,,,
8324101,Liberty St,L,R,Thu,9-11,Church St  -  Sanchez St,,,
8329000,Liebig St,R,L,Tues,8-10,County Line  -  Lessing St,,,
8338000,Lily St,L,R,Tues,12-14,Buchanan St  -  End: 400-499 Block,,,
8379101,Lincoln Way,L,R,Fri,12-14,41st Ave  -  42nd Ave,,,
8375201,Lincoln Way,R,L,Wed,8-10,37th Ave  -  38th Ave,,,
8376201,Lincoln Way,R,L,Wed,8-10,38th Ave  -  39th Ave,,,
8344101,Lincoln Way,L,R,Tues,11-13,05th Ave  -  06th Ave,,,
8381201,Lincoln Way,R,L,Wed,8-10,43rd Ave  -  44th Ave,,,
8372101,Lincoln Way,L,R,Tues,9-11,34th Ave  -  35th Ave,,,
8356101,Lincoln Way,L,R,Tues,10-12,18th Ave  -  19th Ave,,,
8387201,Lincoln Way,R,L,Wed,8-10,Martin Luther King Jr Dr  -  Great Hwy,,,
8361201,Lincoln Way,R,L,Wed,8-10,23rd Ave  -  24th Ave,,,
8363201,Lincoln Way,R,L,Wed,8-10,25th Ave  -  26th Ave,,,
8362101,Lincoln Way,L,R,Tues,8-10,24th Ave  -  25th Ave,,,
8366101,Lincoln Way,L,R,Tues,9-11,28th Ave  -  29th Ave,,,
8367201,Lincoln Way,R,L,Wed,8-10,29th Ave  -  30th Ave,,,
8348201,Lincoln Way,R,L,Fri,7-8,10th Ave  -  11th Ave,,,
8357101,Lincoln Way,L,R,Fri,7-9,19th Ave  -  20th Ave,,,
8371201,Lincoln Way,R,L,Wed,8-10,33rd Ave  -  34th Ave,,,
8360201,Lincoln Way,R,L,Wed,8-10,22nd Ave  -  23rd Ave,,,
8385201,Lincoln Way,R,L,Wed,8-10,47th Ave  -  48th Ave,,,
8354201,Lincoln Way,R,L,Fri,7-8,16th Ave  -  17th Ave,,,
8378201,Lincoln Way,R,L,Wed,8-10,40th Ave  -  41st Ave,,,
8386201,Lincoln Way,R,L,Wed,8-10,48th Ave  -  Martin Luther King Jr Dr,,,
8380201,Lincoln Way,R,L,Wed,8-10,42nd Ave  -  43rd Ave,,,
8368201,Lincoln Way,R,L,Wed,8-10,30th Ave  -  31st Ave,,,
8384101,Lincoln Way,L,R,Tues,12-14,46th Ave  -  47th Ave,,,
8355201,Lincoln Way,R,L,Fri,7-8,17th Ave  -  18th Ave,,,
8345202,Lincoln Way,R,L,Fri,12-14,07th Ave  -  08th Ave,,,
8362201,Lincoln Way,R,L,Wed,8-10,24th Ave  -  25th Ave,,,
8371101,Lincoln Way,L,R,Fri,9-11,33rd Ave  -  34th Ave,,,
8383201,Lincoln Way,R,L,Wed,8-10,45th Ave  -  46th Ave,,,
8377201,Lincoln Way,R,L,Wed,8-10,39th Ave  -  40th Ave,,,
8385101,Lincoln Way,L,R,Fri,12-14,47th Ave  -  48th Ave,,,
8347101,Lincoln Way,L,R,Tues,10-12,09th Ave  -  10th Ave,,,
8366201,Lincoln Way,R,L,Wed,8-10,28th Ave  -  29th Ave,,,
8350201,Lincoln Way,R,L,Fri,7-8,12th Ave  -  Funston Ave,,,
8359101,Lincoln Way,L,R,Fri,8-10,21st Ave  -  22nd Ave,,,
8363101,Lincoln Way,L,R,Fri,8-10,25th Ave  -  26th Ave,,,
8374101,Lincoln Way,L,R,Fri,9-11,36th Ave  -  37th Ave,,,
8342102,Lincoln Way,L,R,Tues,11-13,03rd Ave  -  04th Ave,,,
8342202,Lincoln Way,R,L,Fri,12-14,03rd Ave  -  04th Ave,,,
8369201,Lincoln Way,R,L,Wed,8-10,31st Ave  -  32nd Ave,,,
8370101,Lincoln Way,L,R,Tues,9-11,32nd Ave  -  33rd Ave,,,
8377101,Lincoln Way,L,R,Fri,12-14,39th Ave  -  40th Ave,,,
8374201,Lincoln Way,R,L,Wed,8-10,36th Ave  -  37th Ave,,,
8364201,Lincoln Way,R,L,Wed,8-10,26th Ave  -  27th Ave,,,
8353201,Lincoln Way,R,L,Fri,7-8,15th Ave  -  16th Ave,,,
8343101,Lincoln Way,L,R,Tues,11-13,04th Ave  -  05th Ave,,,
8341101,Lincoln Way,L,R,Tues,11-13,Arguello Blvd  -  02nd Ave,,,
8347201,Lincoln Way,R,L,Fri,7-8,09th Ave  -  10th Ave,,,
8357201,Lincoln Way,R,L,Wed,8-10,19th Ave  -  20th Ave,,,
8346101,Lincoln Way,L,R,Tues,10-12,08th Ave  -  09th Ave,,,
8378101,Lincoln Way,L,R,Tues,12-14,40th Ave  -  41st Ave,,,
8381101,Lincoln Way,L,R,Fri,12-14,43rd Ave  -  44th Ave,,,
8382201,Lincoln Way,R,L,Wed,8-10,44th Ave  -  45th Ave,,,
8370201,Lincoln Way,R,L,Wed,8-10,32nd Ave  -  33rd Ave,,,
8373201,Lincoln Way,R,L,Wed,8-10,35th Ave  -  36th Ave,,,
8383101,Lincoln Way,L,R,Fri,12-14,45th Ave  -  46th Ave,,,
8349201,Lincoln Way,R,L,Fri,7-8,11th Ave  -  12th Ave,,,
8360101,Lincoln Way,L,R,Tues,8-10,22nd Ave  -  23rd Ave,,,
8382101,Lincoln Way,L,R,Tues,12-14,44th Ave  -  45th Ave,,,
8345101,Lincoln Way,L,R,Tues,11-13,06th Ave  -  07th Ave,,,
8365201,Lincoln Way,R,L,Wed,8-10,27th Ave  -  28th Ave,,,
8358101,Lincoln Way,L,R,Tues,7-9,20th Ave  -  21st Ave,,,
8379201,Lincoln Way,R,L,Wed,8-10,41st Ave  -  42nd Ave,,,
8341201,Lincoln Way,R,L,Fri,11-13,Arguello Blvd  -  02nd Ave,,,
8387102,Lincoln Way,L,R,Fri,12-14,Lower Great Hwy  -  Great Hwy,,,
8349101,Lincoln Way,L,R,Tues,10-12,11th Ave  -  12th Ave,,,
8372201,Lincoln Way,R,L,Wed,8-10,34th Ave  -  35th Ave,,,
8342101,Lincoln Way,L,R,Tues,11-13,02nd Ave  -  03rd Ave,,,
8384201,Lincoln Way,R,L,Wed,8-10,46th Ave  -  47th Ave,,,
8369101,Lincoln Way,L,R,Fri,9-11,31st Ave  -  32nd Ave,,,
8364101,Lincoln Way,L,R,Tues,8-10,26th Ave  -  27th Ave,,,
8361101,Lincoln Way,L,R,Fri,8-10,23rd Ave  -  24th Ave,,,
8351201,Lincoln Way,R,L,Fri,7-8,Funston Ave  -  14th Ave,,,
8358201,Lincoln Way,R,L,Wed,8-10,20th Ave  -  21st Ave,,,
8345102,Lincoln Way,L,R,Tues,10-12,07th Ave  -  08th Ave,,,
8346201,Lincoln Way,R,L,Fri,12-14,08th Ave  -  09th Ave,,,
8350101,Lincoln Way,L,R,Tues,10-12,12th Ave  -  Funston Ave,,,
8354101,Lincoln Way,L,R,Tues,10-12,16th Ave  -  17th Ave,,,
8343201,Lincoln Way,R,L,Fri,12-14,04th Ave  -  05th Ave,,,
8376101,Lincoln Way,L,R,Tues,12-14,38th Ave  -  39th Ave,,,
8365101,Lincoln Way,L,R,Fri,8-10,27th Ave  -  28th Ave,,,
8367101,Lincoln Way,L,R,Fri,9-11,29th Ave  -  30th Ave,,,
8359201,Lincoln Way,R,L,Wed,8-10,21st Ave  -  22nd Ave,,,
8356201,Lincoln Way,R,L,Fri,7-8,18th Ave  -  19th Ave,,,
8353101,Lincoln Way,L,R,Tues,10-12,15th Ave  -  16th Ave,,,
8368101,Lincoln Way,L,R,Tues,9-11,30th Ave  -  31st Ave,,,
8375101,Lincoln Way,L,R,Fri,9-11,37th Ave  -  38th Ave,,,
8342201,Lincoln Way,R,L,Fri,11-13,02nd Ave  -  03rd Ave,,,
8352101,Lincoln Way,L,R,Tues,10-12,14th Ave  -  15th Ave,,,
8344201,Lincoln Way,R,L,Fri,12-14,05th Ave  -  06th Ave,,,
8380101,Lincoln Way,L,R,Tues,12-14,42nd Ave  -  43rd Ave,,,
8373101,Lincoln Way,L,R,Fri,9-11,35th Ave  -  36th Ave,,,
8352201,Lincoln Way,R,L,Fri,7-8,14th Ave  -  15th Ave,,,
8348101,Lincoln Way,L,R,Tues,10-12,10th Ave  -  11th Ave,,,
8345201,Lincoln Way,R,L,Fri,12-14,06th Ave  -  07th Ave,,,
8355101,Lincoln Way,L,R,Tues,10-12,17th Ave  -  18th Ave,,,
8351101,Lincoln Way,L,R,Tues,10-12,Funston Ave  -  14th Ave,,,
8386101,Lincoln Way,L,R,Tues,12-14,48th Ave  -  Martin Luther King Jr Dr,,,
8387101,Lincoln Way,L,R,Fri,12-14,Martin Luther King Jr Dr  -  Lower Great Hwy,,,
8388000,Linda St,L,R,Fri,9-11,18th St  -  19th St,,,
19934000,Lois Ln,L,R,Thu,7-8,Bay Shore Blvd  -  Hester Ave,,,
8459101,Lombard St,L,R,Wed,6-8,Webster St  -  Fillmore St,,,
8462201,Lombard St,R,L,Tues,6-8,Pierce St  -  Scott St,,,
8460201,Lombard St,R,L,Tues,6-8,Fillmore St  -  Steiner St,,,
8461101,Lombard St,L,R,Mon,6-8,Steiner St  -  Pierce St,,,
8453101,Lombard St,L,R,Mon,6-8,Van Ness Ave  -  Franklin St,,,
8464101,Lombard St,L,R,Mon,6-8,Divisadero St  -  Broderick St,,,
8460101,Lombard St,L,R,Wed,6-8,Fillmore St  -  Steiner St,,,
8458101,Lombard St,L,R,Wed,6-8,Buchanan St  -  Webster St,,,
8457101,Lombard St,L,R,Mon,6-8,Laguna St  -  Buchanan St,,,
8465101,Lombard St,L,R,Wed,6-8,Broderick St  -  Richardson Ave,,,
8454201,Lombard St,R,L,Tues,6-8,Franklin St  -  Gough St,,,
8461201,Lombard St,R,L,Tues,6-8,Steiner St  -  Pierce St,,,
8454101,Lombard St,L,R,Mon,6-8,Franklin St  -  Gough St,,,
8456201,Lombard St,R,L,Tues,6-8,Octavia St  -  Laguna St,,,
8463201,Lombard St,R,L,Tues,6-8,Scott St  -  Divisadero St,,,
8465201,Lombard St,R,L,Tues,6-8,Broderick St  -  Richardson Ave,,,
8464201,Lombard St,R,L,Tues,6-8,Divisadero St  -  Broderick St,,,
8463101,Lombard St,L,R,Wed,6-8,Scott St  -  Divisadero St,,,
8459201,Lombard St,R,L,Tues,6-8,Webster St  -  Fillmore St,,,
8456101,Lombard St,L,R,Mon,6-8,Octavia St  -  Laguna St,,,
8462101,Lombard St,L,R,Mon,6-8,Pierce St  -  Scott St,,,
8455201,Lombard St,R,L,Tues,6-8,Gough St  -  Octavia St,,,
8457201,Lombard St,R,L,Tues,6-8,Laguna St  -  Buchanan St,,,
8458201,Lombard St,R,L,Thu,6-8,Buchanan St  -  Webster St,,,
8453201,Lombard St,R,L,Tues,6-8,Van Ness Ave  -  Franklin St,,,
8455101,Lombard St,L,R,Mon,6-8,Gough St  -  Octavia St,,,
8542000,Lundy's Ln,L,R,Tues,12-14,Esmeralda Ave  -  Virginia Ave,,,
3025201,Lyell St,R,L,Fri,7-8,Still St  -  Bosworth St,,,
8599000,Madison St,L,R,Tues,12-15,Pioche St  -  Valmar Ter,,,
8616102,Magellan Ave,R,L,Fri,8-10,Marcela Ave  -  Plaza St,,,
8619202,Magellan Ave,R,L,Fri,13-15,Unnamed 036  -  Dorantes Ave,,,
8616101,Magellan Ave,R,L,Fri,8-10,Castenada Ave  -  Marcela Ave,,,
8616201,Magellan Ave,L,R,Mon,9-11,Castenada Ave  -  Plaza St,,,
8619201,Magellan Ave,R,L,Fri,13-15,Pacheco St  -  Unnamed #036,,,
8619101,Magellan Ave,L,R,Mon,9-11,Pacheco St  -  Dorantes Ave,,,
8640201,Malta Dr,R,L,Mon,12-14,Mercato Ct  -  Valletta Ct,,,
8640101,Malta Dr,L,R,Thu,12-14,Mercato Ct  -  Valletta Ct,,,
8666201,Mansell St,R,L,Fri,7-8,Girard St  -  Brussels St,,,
8671102,Mansell St,L,R,Fri,7-8,Dartmouth St  -  Visitacion Ave,,,
8666101,Mansell St,L,R,Fri,7-8,Girard St  -  Brussels St,,,
8665201,Mansell St,R,L,Fri,7-8,San Bruno Ave  -  Girard St,,,
8671203,Mansell St,R,L,Fri,7-8,Colby St  -  University St,,,
8671101,Mansell St,L,R,Fri,7-8,Bowdoin St  -  Dartmouth St,,,
8670101,Mansell St,L,R,Fri,7-8,Hamilton St  -  Bowdoin St,,,
8669102,Mansell St,L,R,Fri,7-8,Holyoke St  -  Hamilton St,,,
8671204,Mansell St,R,L,Fri,7-8,University St  -  Visitacion Ave,,,
8669201,Mansell St,R,L,Fri,7-8,Somerset St  -  Hamilton St,,,
8671202,Mansell St,R,L,Fri,7-8,Dartmouth St  -  Colby St,,,
8668101,Mansell St,L,R,Fri,7-8,Goettingen St  -  Somerset St,,,
8669101,Mansell St,L,R,Fri,7-8,Somerset St  -  Holyoke St,,,
8665101,Mansell St,L,R,Fri,7-8,San Bruno Ave  -  Girard St,,,
8670201,Mansell St,R,L,Fri,7-8,Hamilton St  -  Bowdoin St,,,
8667101,Mansell St,L,R,Fri,7-8,Brussels St  -  Goettingen St,,,
8667201,Mansell St,R,L,Fri,7-8,Brussels St  -  Goettingen St,,,
8668201,Mansell St,R,L,Fri,7-8,Goettingen St  -  Somerset St,,,
8671201,Mansell St,R,L,Fri,7-8,Bowdoin St  -  Dartmouth St,,,
8699000,Marin St,R,L,Wed,0-6,Marin St  -  Evans Ave,,,
8706101,Marina Blvd,L,R,Tues,11-13,Scott St  -  Divisadero St,,,
8708201,Marina Blvd,R,L,Wed,8-10,Broderick St  -  Baker St,,,
8705101,Marina Blvd,L,R,Tues,10-12,Avila St  -  Scott St,,,
8709201,Marina Blvd,R,L,Wed,8-10,Baker St  -  Marina Blvd,,,
8704201,Marina Blvd,R,L,Wed,8-10,Fillmore St  -  Avila St,,,
8703202,Marina Blvd,R,L,Wed,8-10,Marina Green Dr  -  Fillmore St,,,
8709202,Marina Blvd,R,L,Wed,8-10,Marina Blvd  -  Lyon St,,,
8708101,Marina Blvd,L,R,Tues,11-13,Broderick St  -  Baker St,,,
8709101,Marina Blvd,L,R,Tues,11-13,Baker St  -  Lyon St,,,
8702101,Marina Blvd,L,R,Tues,10-12,Buchanan St  -  Webster St,,,
8705201,Marina Blvd,R,L,Wed,8-10,Avila St  -  Scott St,,,
8707201,Marina Blvd,R,L,Wed,8-10,Divisadero St  -  Broderick St,,,
8704101,Marina Blvd,L,R,Tues,10-12,Fillmore St  -  Avila St,,,
8702201,Marina Blvd,R,L,Wed,8-10,Buchanan St  -  Webster St,,,
8703201,Marina Blvd,R,L,Wed,8-10,Webster St  -  Marina Green Dr,,,
8706201,Marina Blvd,R,L,Wed,8-10,Scott St  -  Divisadero St,,,
8703101,Marina Blvd,L,R,Tues,9-11,Webster St  -  Fillmore St,,,
8707101,Marina Blvd,L,R,Tues,11-13,Divisadero St  -  Broderick St,,,
8756201,Market St,R,L,Tues,2-6,Page St  -  Franklin St,,,
8769201,Market St,R,L,Wed,8-10,Collingwood St  -  Diamond St,,,
8757102,Market St,L,R,Sat,2-6,Brady St  -  Gough St,,,
8758201,Market St,R,L,Sun,5-7,Gough St  -  Gough St,,,
8776201,Market St,R,L,Wed,12-14,Short St  -  Copper Aly,,,
8757202,Market St,R,L,Thu,2-6,Rose St  -  Gough St,,,
8738201,Market St,R,L,Sun,5-7,Drumm St  -  Main St,,,
8758101,Market St,L,R,Sat,2-6,Gough St  -  Valencia St,,,
8774102,Market St,L,R,Fri,12-14,18th St  -  19th St,,,
8738101,Market St,L,R,Sun,5-7,Drumm St  -  Main St,,,
8755101,Market St,L,R,Thu,2-6,Van Ness Ave  -  Page St,,,
8757201,Market St,R,L,Sat,2-6,Franklin St  -  Rose St,,,
8737201,Market St,R,L,Thu,5-6,Steuart St  -  Drumm St,,,
8737101,Market St,L,R,Holiday,5-7,Steuart St  -  Spear St,,,
8776205,Market St,R,L,Wed,12-14,Dixie Aly  -  Argent Aly,,,
8774103,Market St,L,R,Fri,12-14,19th St  -  Eagle St,,,
8755201,Market St,R,L,Thu,2-6,Van Ness Ave  -  Page St,,,
8774101,Market St,L,R,Fri,12-14,Danvers St  -  18th St,,,
8757101,Market St,L,R,Wed,2-6,Franklin St  -  Brady St,,,
8776206,Market St,R,L,Wed,12-14,Argent Aly  -  Argent Aly,,,
8756101,Market St,L,R,Sat,2-6,Page St  -  Franklin St,,,
8737102,Market St,L,R,Fri,5-6,Spear St  -  Drumm St,,,
8772102,Market St,L,R,Fri,12-14,Ord St  -  Storrie St,,,
8758202,Market St,R,L,Wed,2-6,Gough St  -  Valencia St,,,
8774104,Market St,L,R,Fri,12-14,Eagle St  -  Clayton St,,,
8776101,Market St,L,R,Fri,12-14,Short St  -  Grand View Ave,,,
8777201,Market St,R,L,Wed,12-14,Argent Aly  -  Portola Dr,,,
8776103,Market St,L,R,Fri,12-14,Romain St  -  Morgan Aly,,,
8772101,Market St,L,R,Fri,12-14,Douglass St  -  Ord St,,,
8770101,Market St,L,R,Fri,12-14,Diamond St  -  Eureka St,,,
8774203,Market St,R,L,Wed,12-14,19th St  -  Clayton St,,,
8776104,Market St,L,R,Fri,12-14,Morgan Aly  -  Dixie Aly,,,
8776203,Market St,R,L,Wed,12-14,Glendale St  -  Morgan Aly,,,
8771101,Market St,L,R,Fri,12-14,Eureka St  -  Douglass St,,,
8777101,Market St,L,R,Wed,12-14,Argent Aly  -  Portola Dr,,,
8775101,Market St,L,R,Fri,12-14,Clayton St  -  Short St,,,
8772103,Market St,L,R,Fri,12-14,Storrie St  -  Hattie St,,,
8773201,Market St,R,L,Wed,12-14,Hattie St  -  Merritt St,,,
8776105,Market St,L,R,Fri,12-14,Dixie Aly  -  Argent Aly,,,
8774201,Market St,R,L,Wed,12-14,Danvers St  -  19th St,,,
8773202,Market St,R,L,Wed,12-14,Merritt St  -  Danvers St,,,
8776202,Market St,R,L,Wed,12-14,Copper Aly  -  Glendale St,,,
8772202,Market St,R,L,Wed,12-14,Ord St  -  Hattie St,,,
8772201,Market St,R,L,Wed,12-14,Douglass St  -  Ord St,,,
8770201,Market St,R,L,Wed,8-10,Diamond St  -  Eureka St,,,
8771201,Market St,R,L,Wed,12-14,Eureka St  -  Douglass St,,,
8768201,Market St,R,L,Wed,8-10,17th St  -  Collingwood St,,,
8773101,Market St,L,R,Fri,12-14,Hattie St  -  Danvers St,,,
8776204,Market St,R,L,Wed,12-14,Morgan Aly  -  Dixie Aly,,,
8775201,Market St,R,L,Wed,12-14,Clayton St  -  Short St,,,
8776102,Market St,L,R,Fri,12-14,Grand View Ave  -  Romain St,,,
8845201,Masonic Ave,R,L,Wed,8-10,Ewing Ter  -  Turk Blvd,,,
8843101,Masonic Ave,L,R,Thu,6-8,Geary Blvd  -  Anza St,,,
8845101,Masonic Ave,L,R,Thu,6-8,Ewing Ter  -  Turk Blvd,,,
8844101,Masonic Ave,L,R,Thu,6-8,Anza St  -  Ewing Ter,,,
8841000,Masonic Ave,R,L,Thu,6-8,Pine St  -  Euclid Ave,,,
8844201,Masonic Ave,R,L,Wed,8-10,Anza St  -  Ewing Ter,,,
8887000,McAllister St,R,L,Mon,2-6,Market St  -  Jones St,,,
8921000,McKinnon Ave,L,R,Tues,8-10,Start: 1400-1499 Block  -  Lane St,,,
8974000,Mendosa Ave,R,L,Tues,8-10,Mendosa Ave  -  End: 133-199 Block,,,
8973000,Mendosa Ave,L,R,Fri,8-10,Mendosa Ave  -  End: 132-160 Block,,,
8975000,Mercato Ct,L,R,Thu,12-14,Start: 01-99 Block  -  Malta Dr,,,
9036201,Minerva St,R,L,Fri,12-14,Summit St  -  Plymouth Ave,,,
9036101,Minerva St,L,R,Wed,9-11,Summit St  -  Plymouth Ave,,,
9077201,Miramar Ave,R,L,Wed,12-14,Wildwood Way  -  Westwood Dr,,,
9078201,Miramar Ave,R,L,Wed,12-14,Westwood Dr  -  Northwood Dr,,,
9074201,Miramar Ave,R,L,Wed,12-14,Ocean Ave  -  Southwood Dr,,,
9079201,Miramar Ave,R,L,Wed,12-14,Northwood Dr  -  Monterey Blvd,,,
9076201,Miramar Ave,R,L,Wed,12-14,Eastwood Dr  -  Wildwood Way,,,
9075201,Miramar Ave,R,L,Wed,12-14,Southwood Dr  -  Eastwood Dr,,,
15018201,Mission Bay Blvd North,R,L,Thu,2-6,ara St - 03rd St,,,
15019201,Mission Bay Blvd North,R,L,Thu,2-6,3rd St - 04th St,,,
15017201,Mission Bay Blvd North,R,L,Thu,2-6,erry A Francois Blvd - Vara St,,,
15019101,Mission Bay Blvd South,L,R,Tues,2-6,3rd St - 04th St,,,
15191000,Mission Bay Cir,R,L,Thu,0-2,ission Bay Blvd North - Channel St,,,
15190000,Mission Bay Cir,R,L,Thu,0-2,ission Bay Blvd South - Mission Bay Blvd North,,,
15192000,Mission Bay Cir,R,L,Thu,0-2,hannel St - Mission Bay Dr,,,
15189000,Mission Bay Cir,R,L,Thu,0-2,wens St - Mission Bay Blvd South,,,
15188000,Mission Bay Cir,R,L,Tues,0-2,ission Bay Dr - Owens St,,,
15023102,Mission Bay Dr,L,R,Tues,0-2,ission Bay Cir - Berry Extension St,,,
15023204,Mission Bay Dr,R,L,Thu,0-2,erry Extension St - 07th St,,,
15023103,Mission Bay Dr,L,R,Tues,0-2,erry Extension St - 07th St,,,
15023203,Mission Bay Dr,R,L,Thu,0-2,ission Bay Cir - Berry Extension St,,,
9171101,Mission St,L,R,Sat,5-7,Russia Ave  -  Onondaga Ave,,,
9153201,Mission St,R,L,Fri,5-7,Admiral Ave  -  Maynard St,,,
9149101,Mission St,L,R,Thu,6-8,Saint Mary's Ave  -  Bosworth St,,,
9147201,Mission St,R,L,Mon,6-8,Crescent Ave  -  College Ter,,,
9152101,Mission St,L,R,Sun,5-7,Ney St  -  Admiral Ave,,,
9095202,Mission St,R,L,Sat,2-6,Yerba Buena Ln  -  04th St,,,
9153101,Mission St,L,R,Fri,5-7,Admiral Ave  -  Maynard St,,,
9149201,Mission St,R,L,Sat,5-7,Saint Mary's Ave  -  Bosworth St,,,
9175201,Mission St,R,L,Sun,5-7,Italy Ave  -  Seneca Ave,,,
9174101,Mission St,L,R,Wed,5-7,Kenny Aly  -  Italy Ave,,,
9095201,Mission St,R,L,Holiday,2-6,03rd St  -  Yerba Buena Ln,,,
9109101,Mission St,L,R,Wed,2-6,11th St  -  Lafayette St,,,
9171201,Mission St,R,L,Sun,5-7,Russia Ave  -  Onondaga Ave,,,
9148101,Mission St,L,R,Sun,5-7,College Ter  -  Saint Mary's Ave,,,
9174201,Mission St,R,L,Wed,5-7,Kenny Aly  -  Italy Ave,,,
9175101,Mission St,L,R,Tues,5-7,Italy Ave  -  Seneca Ave,,,
9151201,Mission St,R,L,Fri,5-7,Trumbull St  -  Ney St,,,
9176201,Mission St,R,L,Mon,5-7,Seneca Ave  -  Amazon Ave,,,
9173201,Mission St,R,L,Thu,5-7,France Ave  -  Kenny Aly,,,
9176101,Mission St,L,R,Sat,5-7,Seneca Ave  -  Amazon Ave,,,
9173101,Mission St,L,R,Sat,5-7,France Ave  -  Kenny Aly,,,
9148201,Mission St,R,L,Wed,6-8,College Ter  -  Saint Mary's Ave,,,
9152201,Mission St,R,L,Thu,5-7,Ney St  -  Admiral Ave,,,
9147101,Mission St,L,R,Thu,6-8,Crescent Ave  -  College Ter,,,
9095101,Mission St,L,R,Holiday,2-6,03rd St  -  04th St,,,
9112101,Mission St,L,R,Thu,0-6,Hwy 101 Northbound  -  Erie St,,,
9151101,Mission St,L,R,Holiday,5-7,Trumbull St  -  Ney St,,,
9109201,Mission St,R,L,Sun,2-6,11th St  -  South Van Ness Ave,,,
9154101,Mission St,L,R,Fri,5-7,Maynard St  -  Silver Ave,,,
9172201,Mission St,R,L,Wed,5-7,Onondaga Ave  -  France Ave,,,
9154201,Mission St,R,L,Tues,5-7,Maynard St  -  Silver Ave,,,
9172101,Mission St,L,R,Wed,5-7,Onondaga Ave  -  France Ave,,,
9112201,Mission St,R,L,Fri,0-2,Hwy 101 Northbound  -  Erie St,,,
9109102,Mission St,L,R,Wed,2-6,Lafayette St  -  South Van Ness Ave,,,
9237000,Moncada Way,R,L,Wed,10-12,Moncada Way  -  Moncada Way,,,
9240000,Moncada Way,L,R,Fri,11-13,Junipero Serra Blvd  -  Junipero Serra Blvd,,,
9236000,Moncada Way,L,R,Fri,11-13,Moncada Way  -  Moncada Way,,,
9279101,Monterey Blvd,L,R,Thu,7-8,Gennessee St  -  Ridgewood Ave,,,
9274101,Monterey Blvd,L,R,Thu,13-15,Baden St  -  Congo St,,,
9280102,Monterey Blvd,L,R,Thu,13-15,Montecito Ave  -  Hazelwood Ave,,,
9280101,Monterey Blvd,L,R,Thu,13-15,Ridgewood Ave  -  Montecito Ave,,,
9272101,Monterey Blvd,L,R,Thu,13-15,I-280 S Off Ramp  -  Acadia St,,,
9284201,Monterey Blvd,R,L,Mon,13-15,Plymouth Ave  -  Yerba Buena Ave,,,
9278101,Monterey Blvd,L,R,Thu,7-8,Foerster St  -  Gennessee St,,,
9276101,Monterey Blvd,L,R,Thu,13-15,Edna St  -  Edna St,,,
9283201,Monterey Blvd,R,L,Mon,13-15,Colon Ave  -  Plymouth Ave,,,
4041000,Monterey Blvd,R,L,Thu,11-13,San Jose Ave  -  Joost Ave,,,
9284103,Monterey Blvd,L,R,Tues,13-15,Faxon Ave  -  Faxon Ave,,,
4042000,Monterey Blvd,R,L,Thu,11-13,Joost Ave  -  San Jose Av On Ramp,,,
9273101,Monterey Blvd,L,R,Thu,13-15,Acadia St  -  Baden St,,,
9275101,Monterey Blvd,L,R,Thu,13-15,Congo St  -  Detroit St,,,
9276201,Monterey Blvd,R,L,Mon,12-14,Edna St  -  Edna St,,,
9275202,Monterey Blvd,R,L,Mon,12-14,Detroit St  -  Edna St,,,
9285101,Monterey Blvd,L,R,Tues,13-15,Saint Elmo Way  -  El Verano Way,,,
9291201,Monterey Blvd,R,L,Thu,10-12,Santa Ana Ave  -  San Leandro Way,,,
9278201,Monterey Blvd,R,L,Mon,12-14,Foerster St  -  Gennessee St,,,
9272201,Monterey Blvd,R,L,Mon,12-14,I-280 S Off Ramp  -  Acadia St,,,
9293101,Monterey Blvd,L,R,Wed,10-12,San Fernando Way  -  San Rafael Way,,,
9282201,Monterey Blvd,R,L,Mon,13-15,Valdez Ave  -  Colon Ave,,,
9285201,Monterey Blvd,R,L,Mon,13-15,Saint Elmo Way  -  El Verano Way,,,
9282101,Monterey Blvd,L,R,Thu,13-15,Valdez Ave  -  Colon Ave,,,
9288201,Monterey Blvd,R,L,Mon,13-15,San Aleso Ave  -  San Andreas Way,,,
9281101,Monterey Blvd,L,R,Thu,13-15,Hazelwood Ave  -  Valdez Ave,,,
9284101,Monterey Blvd,L,R,Thu,13-15,Plymouth Ave  -  Plymouth Ave,,,
9274201,Monterey Blvd,R,L,Mon,12-14,Baden St  -  Congo St,,,
9294201,Monterey Blvd,R,L,Thu,10-12,San Rafael Way  -  Junipero Serra Blvd,,,
9286102,Monterey Blvd,L,R,Tues,13-15,Westgate Dr  -  San Jacinto Way,,,
9277201,Monterey Blvd,R,L,Mon,12-14,Edna St  -  Foerster St,,,
9294101,Monterey Blvd,L,R,Wed,10-12,San Rafael Way  -  Junipero Serra Blvd,,,
9275201,Monterey Blvd,R,L,Mon,12-14,Congo St  -  Detroit St,,,
9280201,Monterey Blvd,R,L,Mon,13-15,Ridgewood Ave  -  Hazelwood Ave,,,
9283101,Monterey Blvd,L,R,Thu,13-15,Colon Ave  -  Plymouth Ave,,,
9281201,Monterey Blvd,R,L,Mon,13-15,Hazelwood Ave  -  Valdez Ave,,,
9287201,Monterey Blvd,R,L,Mon,13-15,San Jacinto Way  -  San Aleso Ave,,,
9290101,Monterey Blvd,L,R,Wed,10-12,San Benito Way  -  Santa Ana Ave,,,
9288101,Monterey Blvd,L,R,Tues,13-15,San Aleso Ave  -  San Anselmo Ave,,,
9279201,Monterey Blvd,R,L,Mon,12-14,Gennessee St  -  Ridgewood Ave,,,
9277101,Monterey Blvd,L,R,Thu,13-15,Edna St  -  Foerster St,,,
4043000,Monterey Blvd,R,L,Thu,11-13,San Jose Av On Ramp  -  I-280 S Off Ramp,,,
9292101,Monterey Blvd,L,R,Wed,10-12,San Leandro Way  -  San Fernando Way,,,
9275102,Monterey Blvd,L,R,Thu,13-15,Detroit St  -  Edna St,,,
9284102,Monterey Blvd,L,R,Tues,13-15,Plymouth Ave  -  Faxon Ave,,,
9292201,Monterey Blvd,R,L,Thu,10-12,San Leandro Way  -  San Fernando Way,,,
9273201,Monterey Blvd,R,L,Mon,12-14,Acadia St  -  Baden St,,,
9284104,Monterey Blvd,L,R,Tues,13-15,Faxon Ave  -  Saint Elmo Way,,,
9286201,Monterey Blvd,R,L,Mon,13-15,El Verano Way  -  San Jacinto Way,,,
9287101,Monterey Blvd,L,R,Tues,13-15,San Jacinto Way  -  San Aleso Ave,,,
9289101,Monterey Blvd,L,R,Wed,10-12,San Anselmo Ave  -  San Benito Way,,,
9286101,Monterey Blvd,L,R,Tues,13-15,El Verano Way  -  Westgate Dr,,,
9291101,Monterey Blvd,L,R,Wed,10-12,Santa Ana Ave  -  San Leandro Way,,,
9288202,Monterey Blvd,R,L,Mon,13-15,San Andreas Way  -  San Anselmo Ave,,,
9284202,Monterey Blvd,R,L,Mon,13-15,Yerba Buena Ave  -  Saint Elmo Way,,,
9290201,Monterey Blvd,R,L,Thu,10-12,San Benito Way  -  Santa Ana Ave,,,
9289201,Monterey Blvd,R,L,Thu,10-12,San Anselmo Ave  -  San Benito Way,,,
9293201,Monterey Blvd,R,L,Thu,10-12,San Fernando Way  -  San Rafael Way,,,
9312000,Montgomery St,L,R,Mon,8-10,Vallejo St  -  Green St,,,
9342101,Moraga St,L,R,Mon,11-13,16th Ave  -  17th Ave,,,
9342201,Moraga St,R,L,Wed,11-13,16th Ave  -  17th Ave,,,
9436000,Mount Vernon Ave,L,R,Thu,8-10,Williar Ave  -  Grafton Ave,,,
9502000,Naples St,R,L,Tues,9-11,Munich St  -  Curtis St,,,
9497201,Naples St,L,R,Tues,9-11,Geneva Ave - Rolph St,,,
9497101,Naples St,R,L,Tues,9-11,Geneva Ave - Rolph St,,,
9509000,Natoma St,L,R,Mon,3-5,New Montgomery St  -  End: 133-199 Block,,,
9506000,Natoma St,R,L,Thu,3-5,Fremont St  -  01st St,,,
9518000,Natoma St,L,R,Fri,4-6,Lafayette St  -  End: 1065-1150 Block,,,
9508000,Natoma St,L,R,Fri,3-5,02nd St  -  New Montgomery St,,,
9507000,Natoma St,R,L,Tues,3-5,01st St  -  02nd St,,,
9548201,Newcomb Ave,R,L,Wed,9-11,Whitney Young Cir  -  La Salle Ave,,,
9549203,Newcomb Ave,R,L,Wed,9-11,Las Villas Ct  -  Keith St,,,
9549202,Newcomb Ave,R,L,Wed,9-11,La Salle Ave  -  Las Villas Ct,,,
9580000,Newhall St,L,R,Thu,12-14,Williams Ave  -  Armstrong Ave,,,
9587000,Newton St,L,R,Fri,12-14,Brunswick St  -  Naples St,,,
9591000,Niagara Ave,R,L,Tues,8-10,Mission St  -  Alemany Blvd,,,
9650201,Noriega St,R,L,Mon,11-13,16th Ave  -  17th Ave,,,
9648203,Noriega St,L,R,Tues,12-14,14th Ave  -  15th Ave,,,
9647201,Noriega St,R,L,Fri,9-11,11th Ave  -  12th Ave,,,
9647202,Noriega St,R,L,Tues,9-11,12th Ave  -  Funston Ave,,,
9650101,Noriega St,L,R,Wed,11-13,16th Ave  -  17th Ave,,,
9647203,Noriega St,R,L,Fri,9-11,Funston Ave  -  14th Ave,,,
9647102,Noriega St,L,R,Tues,9-11,Selma Way  -  14th Ave,,,
9647101,Noriega St,L,R,Tues,9-11,11th Ave  -  Selma Way,,,
618103,Noriega St,R,L,Tues,9-11,14th Ave  -  15th Ave,,,
9747201,O'Shaughnessy Blvd,R,L,Tues,7-8,Portola Dr  -  Del Vale Ave,,,
9835101,Ocean Ave,L,R,Wed,7-8,Lakewood Ave  -  Manor Dr,,,
9844101,Ocean Ave,L,R,Fri,7-8,San Leandro Way  -  San Fernando Way,,,
9832102,Ocean Ave,L,R,Wed,7-8,Ingleside Path  -  Fairfield Way,,,
9836201,Ocean Ave,R,L,Mon,7-8,Manor Dr  -  Pinehurst Way,,,
9824101,Ocean Ave,L,R,Wed,7-8,Granada Ave  -  Granada Ave,,,
9834201,Ocean Ave,R,L,Mon,7-8,Victoria St  -  Lakewood Ave,,,
9837101,Ocean Ave,L,R,Wed,7-8,Pinehurst Way  -  Ingleside Path,,,
9841201,Ocean Ave,R,L,Thu,7-8,San Benito Way  -  Paloma Ave,,,
9831101,Ocean Ave,L,R,Fri,7-8,Ashton Ave  -  Keystone Way,,,
9817201,Ocean Ave,R,L,Thu,7-8,Geneva Ave  -  Geneva Ave,,,
9821101,Ocean Ave,L,R,Fri,7-8,Brighton Ave  -  Plymouth Ave,,,
9823101,Ocean Ave,L,R,Wed,7-8,Plymouth Ave  -  Granada Ave,,,
9840101,Ocean Ave,L,R,Fri,7-8,Aptos Ave  -  San Benito Way,,,
9813101,Ocean Ave,L,R,Thu,7-9,Delano Ave  -  San Jose Ave,,,
9842201,Ocean Ave,R,L,Mon,7-8,Paloma Ave  -  Santa Ana Ave,,,
9819101,Ocean Ave,L,R,Wed,7-8,Harold Ave  -  Lee Ave,,,
9821201,Ocean Ave,R,L,Thu,7-8,Brighton Ave  -  Plymouth Ave,,,
9838101,Ocean Ave,L,R,Wed,7-8,Westgate Dr  -  Cedro Ave,,,
9834101,Ocean Ave,L,R,Fri,7-8,Victoria St  -  Lakewood Ave,,,
9837201,Ocean Ave,R,L,Mon,7-8,Pinehurst Way  -  Westgate Dr,,,
9830101,Ocean Ave,L,R,Fri,7-8,Dorado Ter  -  Ashton Ave,,,
9843201,Ocean Ave,R,L,Mon,7-8,Santa Ana Ave  -  San Leandro Way,,,
9829101,Ocean Ave,L,R,Wed,7-8,Faxon Ave  -  Dorado Ter,,,
9819201,Ocean Ave,R,L,Mon,7-8,Harold Ave  -  Lee Ave,,,
9842101,Ocean Ave,L,R,Wed,7-8,Paloma Ave  -  Santa Ana Ave,,,
9827101,Ocean Ave,L,R,Wed,7-8,Capitol Ave  -  Faxon Ave,,,
9825201,Ocean Ave,R,L,Mon,7-8,Granada Ave  -  Miramar Ave,,,
9844201,Ocean Ave,R,L,Mon,7-8,San Leandro Way  -  San Fernando Way,,,
9832101,Ocean Ave,L,R,Fri,7-8,Keystone Way  -  Ingleside Path,,,
9837102,Ocean Ave,L,R,Fri,7-8,Ingleside Path  -  Westgate Dr,,,
9818201,Ocean Ave,R,L,Mon,7-8,Geneva Ave  -  Harold Ave,,,
9815202,Ocean Ave,R,L,Thu,7-8,I-280 S Off Ramp  -  Howth St,,,
9808101,Ocean Ave,L,R,Thu,7-9,Santa Ynez Ave  -  Cayuga Ave,,,
9838201,Ocean Ave,R,L,Thu,7-8,Westgate Dr  -  Cedro Ave,,,
9812101,Ocean Ave,L,R,Thu,7-9,Onondaga Ave  -  Delano Ave,,,
9826101,Ocean Ave,L,R,Wed,7-8,Miramar Ave  -  Capitol Ave,,,
9843101,Ocean Ave,L,R,Fri,7-8,Santa Ana Ave  -  San Leandro Way,,,
9825101,Ocean Ave,L,R,Fri,7-8,Granada Ave  -  Miramar Ave,,,
9807201,Ocean Ave,R,L,Tues,7-9,Alemany Blvd  -  Santa Ynez Ave,,,
9822201,Ocean Ave,R,L,Thu,7-8,Plymouth Ave  -  Plymouth Ave,,,
9827201,Ocean Ave,R,L,Mon,7-8,Capitol Ave  -  Faxon Ave,,,
9828101,Ocean Ave,L,R,Wed,7-8,Faxon Ave  -  Faxon Ave,,,
9829201,Ocean Ave,R,L,Mon,7-8,Faxon Ave  -  Dorado Ter,,,
9811101,Ocean Ave,L,R,Thu,7-9,Otsego Ave  -  Onondaga Ave,,,
9814201,Ocean Ave,R,L,Thu,7-8,San Jose Ave  -  I-280 N On Ramp,,,
9835201,Ocean Ave,R,L,Thu,7-8,Lakewood Ave  -  Manor Dr,,,
9873000,Ocean Ave,R,L,Thu,8-10,Lakeshore Dr  -  Country Club Dr,,,
9820201,Ocean Ave,R,L,Thu,7-8,Lee Ave  -  Brighton Ave,,,
9820101,Ocean Ave,L,R,Fri,7-8,Lee Ave  -  Brighton Ave,,,
9816201,Ocean Ave,R,L,Thu,7-8,Howth St  -  Geneva Ave,,,
9845101,Ocean Ave,L,R,Wed,7-8,San Fernando Way  -  Junipero Serra Blvd,,,
9818101,Ocean Ave,L,R,Fri,7-8,Geneva Ave  -  Harold Ave,,,
9817101,Ocean Ave,L,R,Wed,7-8,Geneva Ave  -  Geneva Ave,,,
9839201,Ocean Ave,R,L,Thu,7-8,Cedro Ave  -  Aptos Ave,,,
9836101,Ocean Ave,L,R,Wed,7-8,Manor Dr  -  Pinehurst Way,,,
9815101,Ocean Ave,L,R,Wed,7-8,I-280 N On Ramp  -  Howth St,,,
9833201,Ocean Ave,R,L,Thu,7-8,Fairfield Way  -  Victoria St,,,
9833101,Ocean Ave,L,R,Wed,7-8,Fairfield Way  -  Victoria St,,,
9832201,Ocean Ave,R,L,Mon,7-8,Keystone Way  -  Fairfield Way,,,
9839101,Ocean Ave,L,R,Fri,7-8,Cedro Ave  -  Aptos Ave,,,
9822101,Ocean Ave,L,R,Wed,7-8,Plymouth Ave  -  Plymouth Ave,,,
9830201,Ocean Ave,R,L,Mon,7-8,Dorado Ter  -  Ashton Ave,,,
9828201,Ocean Ave,R,L,Mon,7-8,Faxon Ave  -  Faxon Ave,,,
9840201,Ocean Ave,R,L,Thu,7-8,Aptos Ave  -  San Benito Way,,,
9824201,Ocean Ave,R,L,Mon,7-8,Granada Ave  -  Granada Ave,,,
9841101,Ocean Ave,L,R,Fri,7-8,San Benito Way  -  Paloma Ave,,,
9816101,Ocean Ave,L,R,Wed,7-8,Howth St  -  Geneva Ave,,,
9815201,Ocean Ave,R,L,Thu,7-8,I-280 N On Ramp  -  I-280 S Off Ramp,,,
9810201,Ocean Ave,R,L,Tues,7-9,Wanda St  -  Otsego Ave,,,
9845201,Ocean Ave,R,L,Thu,7-8,San Fernando Way  -  Junipero Serra Blvd,,,
9826201,Ocean Ave,R,L,Thu,7-8,Miramar Ave  -  Capitol Ave,,,
9809201,Ocean Ave,R,L,Tues,7-9,Cayuga Ave  -  Wanda St,,,
9810101,Ocean Ave,L,R,Thu,7-9,Wanda St  -  Otsego Ave,,,
9814101,Ocean Ave,L,R,Wed,7-8,San Jose Ave  -  I-280 N On Ramp,,,
9811201,Ocean Ave,R,L,Tues,7-9,Otsego Ave  -  Onondaga Ave,,,
9831201,Ocean Ave,R,L,Mon,7-8,Ashton Ave  -  Keystone Way,,,
9823201,Ocean Ave,R,L,Mon,7-8,Plymouth Ave  -  Granada Ave,,,
9808201,Ocean Ave,R,L,Tues,7-9,Santa Ynez Ave  -  Cayuga Ave,,,
9809101,Ocean Ave,L,R,Thu,7-9,Cayuga Ave  -  Wanda St,,,
9813201,Ocean Ave,R,L,Tues,7-9,Delano Ave  -  San Jose Ave,,,
9807101,Ocean Ave,L,R,Thu,7-9,Alemany Blvd  -  Santa Ynez Ave,,,
9812201,Ocean Ave,R,L,Tues,7-9,Onondaga Ave  -  Delano Ave,,,
9976000,Ordway St,R,L,Fri,12-15,Somerset St  -  Ankeny St,,,
14010000,Orsi Cir,R,L,Thu,12-14,Issleib Ave  -  Kalmanovitz St,,,
10000201,Ortega St,R,L,Tues,9-11,11th Ave  -  Aerial Way,,,
10000202,Ortega St,R,L,Tues,9-11,Aerial Way  -  Cascade Walk,,,
10000101,Ortega St,L,R,Fri,9-11,11th Ave  -  Selma Way,,,
10000203,Ortega St,R,L,Tues,9-11,Cascade Walk  -  14th Ave,,,
10000102,Ortega St,L,R,Fri,9-11,Selma Way  -  14th Ave,,,
10058000,Ottawa Ave,L,R,Thu,8-10,Huron Ave  -  Alemany Blvd,,,
10080202,Pacheco St,R,L,Mon,9-11,Alton Ave  -  Alton Ave,,,
10074101,Pacheco St,L,R,Fri,13-15,Merced Ave  -  Dewey Blvd,,,
10076000,Pacheco St,R,L,Fri,13-15,Pacheco St  -  Magellan Ave,,,
10081000,Pacheco St,L,R,Wed,12-14,Alton Ave  -  08th Ave,,,
10080201,Pacheco St,R,L,Mon,9-11,Lopez Ave  -  Alton Ave,,,
4920000,Pacheco St,L,R,Fri,13-15,Pacheco St  -  Magellan Ave,,,
10080101,Pacheco St,L,R,Wed,9-11,Lopez Ave  -  Unnamed #034,,,
10080102,Pacheco St,L,R,Wed,9-11,Unnamed 034  -  Alton Ave,,,
10074201,Pacheco St,R,L,Fri,13-15,Merced Ave  -  Dewey Blvd,,,
10143000,Pacific Ave,R,L,Fri,8-10,Burgoyne St  -  Hyde St,,,
10138000,Pacific Ave,R,L,Fri,8-10,Himmelmann Pl  -  Taylor St,,,
10145000,Pacific Ave,R,L,Fri,8-10,McCormick St  -  Larkin St,,,
10137000,Pacific Ave,R,L,Fri,8-10,Salmon St  -  Himmelmann Pl,,,
10136000,Pacific Ave,R,L,Fri,8-10,Auburn St  -  Salmon St,,,
10133000,Pacific Ave,R,L,Fri,8-10,Keyes Aly  -  Wayne Pl,,,
10139000,Pacific Ave,R,L,Fri,8-10,Taylor St  -  Phoenix Ter,,,
10141000,Pacific Ave,R,L,Fri,8-10,Jones St  -  Leavenworth St,,,
10142000,Pacific Ave,R,L,Fri,8-10,Leavenworth St  -  Burgoyne St,,,
10132000,Pacific Ave,R,L,Fri,8-10,Powell St  -  Keyes Aly,,,
10140000,Pacific Ave,R,L,Fri,8-10,Phoenix Ter  -  Jones St,,,
10134000,Pacific Ave,R,L,Fri,8-10,Wayne Pl  -  Mason St,,,
10135000,Pacific Ave,R,L,Fri,8-10,Mason St  -  Auburn St,,,
10165000,Pacific Ave,L,R,Thu,9-11,Walnut St  -  Laurel St,,,
10144000,Pacific Ave,R,L,Fri,8-10,Hyde St  -  McCormick St,,,
10164000,Pacific Ave,L,R,Thu,9-11,Presidio Blvd  -  Walnut St,,,
19857000,Palace Of Fine Arts,R,L,Wed,6-8,Lyon St  -  Lyon St,,,
10230000,Palou Ave,R,L,Wed,0-6,Industrial St  -  Dorman Ave,,,
10216000,Palou Ave,R,L,Wed,12-14,Griffith St  -  Crisp Rd,,,
10305000,Patton St,L,R,Tues,8-10,Appleton Ave  -  Highland Ave,,,
10318000,Peabody St,L,R,Mon,8-11,Visitacion Ave  -  Sunnydale Ave,,,
10349000,Peralta Ave,L,R,Tues,12-14,Bradford St  -  Mayflower St,,,
10525000,Plymouth Ave,R,L,Wed,13-15,Plymouth Ave  -  Southwood Dr,,,
10524000,Plymouth Ave,L,R,Thu,13-15,Southwood Dr  -  Plymouth Ave,,,
12892000,Plymouth Ave,R,L,Wed,13-15,Plymouth Ave  -  Monterey Blvd,,,
10531000,Plymouth Ave,L,R,Thu,13-15,Plymouth Ave  -  Monterey Blvd,,,
10536000,Point Lobos Ave,L,R,Thu,0-6,Geary Blvd  -  43rd Ave,,,
10585000,Polk St,L,R,Tues,6-8,Francisco St  -  Bay St,,,
10597000,Pope St,R,L,Thu,12-14,Hanover St  -  Prague St,,,
10607000,Porter St,L,R,Fri,8-10,Crescent Ave  -  Benton Ave,,,
10618103,Portola Dr,L,R,Wed,13-15,Rex Ave  -  Marne Ave,,,
15106201,Portola Dr,R,L,Tues,7-8,Start:  Block  -  15th Ave,,,
10611201,Portola Dr,R,L,Wed,12-14,Market St  -  Diamond Heights Blvd,,,
10618201,Portola Dr,R,L,Tues,7-8,Laguna Honda Blvd  -  Waithman Way,,,
10618104,Portola Dr,L,R,Wed,13-15,Marne Ave  -  Kensington Way,,,
10619201,Portola Dr,R,L,Tues,7-8,Kensington Way  -  Granville Way,,,
10618202,Portola Dr,R,L,Tues,7-8,Waithman Way  -  Kensington Way,,,
10613201,Portola Dr,R,L,Tues,7-8,Glenview Dr  -  Twin Peaks Blvd,,,
10620101,Portola Dr,L,R,Wed,13-15,Granville Way  -  Santa Paula Ave,,,
10613101,Portola Dr,L,R,Wed,13-15,Glenview Dr  -  Twin Peaks Blvd,,,
10620103,Portola Dr,L,R,Wed,13-15,San Lorenzo Way  -  Claremont Blvd,,,
15106101,Portola Dr,L,R,Wed,13-15,Start:  Block  -  San Leandro Way,,,
10620202,Portola Dr,R,L,Tues,7-8,Dorchester Way  -  Claremont Blvd,,,
15106102,Portola Dr,L,R,Wed,13-15,San Leandro Way  -  San Fernando Way,,,
10617201,Portola Dr,R,L,Tues,7-8,Evelyn Way  -  Laguna Honda Blvd,,,
10618102,Portola Dr,L,R,Wed,13-15,Del Sur Ave  -  Rex Ave,,,
10616201,Portola Dr,R,L,Tues,7-8,Sydney Way  -  Evelyn Way,,,
10617101,Portola Dr,L,R,Wed,13-15,Evelyn Way  -  Unnamed #039,,,
10620102,Portola Dr,L,R,Wed,13-15,Santa Paula Ave  -  San Lorenzo Way,,,
10620201,Portola Dr,R,L,Tues,7-8,Granville Way  -  Dorchester Way,,,
10622201,Portola Dr,R,L,Tues,7-8,Vicente St  -  14th Ave,,,
10611101,Portola Dr,L,R,Wed,12-14,Market St  -  Diamond Heights Blvd,,,
10614101,Portola Dr,L,R,Wed,13-15,Twin Peaks Blvd  -  Woodside Ave,,,
10612201,Portola Dr,R,L,Tues,7-8,Diamond Heights Blvd  -  Portola Dr,,,
10621201,Portola Dr,R,L,Tues,7-8,Claremont Blvd  -  Vicente St,,,
10622102,Portola Dr,L,R,Wed,13-15,Terrace Dr  -  14th Ave,,,
15106202,Portola Dr,R,L,Tues,7-8,15th Ave  -  End:  Block,,,
10619101,Portola Dr,L,R,Wed,13-15,Kensington Way  -  Granville Way,,,
10612202,Portola Dr,R,L,Tues,7-8,Portola Dr  -  Glenview Dr,,,
10614201,Portola Dr,R,L,Tues,7-8,Twin Peaks Blvd  -  Woodside Ave,,,
10617102,Portola Dr,L,R,Wed,13-15,Unnamed 039  -  Laguna Honda Blvd,,,
10615201,Portola Dr,R,L,Tues,7-8,Woodside Ave  -  Sydney Way,,,
10621101,Portola Dr,L,R,Wed,13-15,Claremont Blvd  -  Vicente St,,,
10622101,Portola Dr,L,R,Wed,13-15,Vicente St  -  Terrace Dr,,,
10618101,Portola Dr,L,R,Wed,13-15,Laguna Honda Blvd  -  Del Sur Ave,,,
15106103,Portola Dr,L,R,Wed,13-15,San Fernando Way  -  End:  Block,,,
10612101,Portola Dr,L,R,Wed,13-15,Diamond Heights Blvd  -  Glenview Dr,,,
12904000,Portola Dr (spur),R,L,Wed,12-14,Sunview Way  -  Glenview Dr,,,
10663201,Potrero Ave,R,L,Fri,8-10,Mariposa St  -  18th St,,,
10666201,Potrero Ave,R,L,Fri,8-10,20th St  -  21st St,,,
10670101,Potrero Ave,L,R,Thu,6-8,23rd St  -  23rd St,,,
10667201,Potrero Ave,R,L,Mon,8-10,21st St  -  22nd St,,,
10670201,Potrero Ave,R,L,Mon,8-10,23rd St  -  23rd St,,,
10668101,Potrero Ave,L,R,Thu,6-8,22nd St  -  22nd St,,,
10664101,Potrero Ave,L,R,Thu,6-8,18th St  -  19th St,,,
10665201,Potrero Ave,R,L,Fri,8-10,19th St  -  20th St,,,
10663101,Potrero Ave,L,R,Thu,6-8,Mariposa St  -  18th St,,,
10664201,Potrero Ave,R,L,Fri,8-10,18th St  -  19th St,,,
10669201,Potrero Ave,R,L,Fri,8-10,22nd St  -  23rd St,,,
10668201,Potrero Ave,R,L,Mon,8-10,22nd St  -  22nd St,,,
10665101,Potrero Ave,L,R,Thu,6-8,19th St  -  20th St,,,
10674101,Potrero Ave,L,R,Thu,6-8,25th St  -  Hwy 101 S Off Ramp,,,
10674201,Potrero Ave,R,L,Mon,8-10,25th St  -  Hwy 101 S On Ramp,,,
10667101,Potrero Ave,L,R,Tues,6-8,21st St  -  22nd St,,,
10669101,Potrero Ave,L,R,Thu,6-8,22nd St  -  23rd St,,,
10666101,Potrero Ave,L,R,Thu,6-8,20th St  -  21st St,,,
10697000,Powell St,L,R,Mon,7-8,Columbus Ave  -  Filbert St,,,
10718000,Powhattan Ave,R,L,Wed,12-14,Nevada St  -  Bernal Heights Blvd,,,
4449000,Precita Ave,L,R,Fri,9-11,Mission St  -  Coso Ave,,,
10816101,Quesada Ave,L,R,Tues,9-11,03rd St  -  Newhall St,,,
10842000,Quint St,R,L,Tues,12-14,Thornton Ave  -  Bancroft Ave,,,
10845000,Quintara St,L,R,Mon,12-14,Start: 01-99 Block  -  10th Ave,,,
10893000,Ralston St,L,R,Mon,8-10,Ralston St  -  Randolph St,,,
10908000,Randall St,R,L,Wed,7-8,San Jose Ave  -  Arlington St,,,
10923000,Randolph St,R,L,Fri,12-14,19th Ave  -  Chester Ave,,,
10970101,Reuel Ct,L,R,Fri,8-10,Hudson Ave  -  Reuel Ct,,,
11010102,Richardson Ave,L,R,Mon,6-8,Baker St  -  Francisco St,,,
19198000,Richardson Ave,R,L,Tues,6-8,Francisco St  -  Lyon St,,,
11010101,Richardson Ave,L,R,Mon,6-8,Chestnut St  -  Baker St,,,
11009201,Richardson Ave,R,L,Tues,6-8,Lombard St  -  Chestnut St,,,
11010201,Richardson Ave,R,L,Tues,6-8,Chestnut St  -  Baker St,,,
11009101,Richardson Ave,L,R,Mon,6-8,Lombard St  -  Chestnut St,,,
11010202,Richardson Ave,R,L,Tues,6-8,Baker St  -  Francisco St,,,
11040000,Ritch St,R,L,Tues,0-2,Brannan St  -  Townsend St,,,
11039000,Ritch St,R,L,Tues,0-2,Bryant St  -  Brannan St,,,
11089000,Rizal St,R,L,Mon,0-2,Tandang Sora  -  Lapu-lapu St,,,
11110000,Rockridge Dr,R,L,Fri,9-11,12th Ave  -  Funston Ave,,,
11121000,Rolph St,L,R,Fri,12-14,Morse St  -  Naples St,,,
11131000,Romain St,R,L,Fri,12-14,Grand View Ave  -  Market St,,,
11139000,Rondel Pl,R,L,Tues,7-8,16th St  -  End: 01-99 Block,,,
11146201,Roosevelt Way,R,L,Mon,10-12,Clifford Ter  -  Lower Ter,,,
11148201,Roosevelt Way,R,L,Mon,10-12,Saturn St  -  17th St,,,
11146101,Roosevelt Way,L,R,Tues,10-12,Clifford Ter  -  Lower Ter,,,
11148101,Roosevelt Way,L,R,Tues,10-12,Saturn St  -  17th St,,,
11164000,Rosie Lee Ln,R,L,Fri,8-10,Lillian St  -  End: 50-99 Block,,,
11285000,Sagamore St,R,L,Wed,8-10,Sagamore St  -  Alemany Blvd,,,
11284000,Sagamore St,L,R,Fri,8-10,Orizaba Ave  -  Alemany Blvd,,,
11283000,Sagamore St,L,R,Fri,8-10,Sagamore St  -  Orizaba Ave,,,
11294201,Saint Francis Blvd,R,L,Thu,10-12,Sloat Blvd  -  Junipero Serra Blvd,,,
11300101,Saint Francis Blvd,L,R,Wed,13-15,Santa Clara Ave  -  San Buenaventura Way,,,
11294101,Saint Francis Blvd,L,R,Wed,13-15,Sloat Blvd  -  San Rafael Way,,,
11300201,Saint Francis Blvd,R,L,Thu,10-12,Santa Clara Ave  -  San Buenaventura Way,,,
11294202,Saint Francis Blvd,R,L,Thu,10-12,Junipero Serra Blvd  -  San Rafael Way,,,
11301201,Saint Francis Blvd,R,L,Thu,10-12,San Buenaventura Way  -  San Anselmo Ave,,,
11301101,Saint Francis Blvd,L,R,Wed,13-15,San Buenaventura Way  -  San Anselmo Ave,,,
11337000,San Anselmo Ave,L,R,Mon,13-15,San Anselmo Ave  -  Saint Francis Blvd,,,
11338000,San Anselmo Ave,L,R,Mon,13-15,Saint Francis Blvd  -  San Andreas Way,,,
11336000,San Anselmo Ave,L,R,Mon,13-15,Santa Paula Ave  -  San Anselmo Ave,,,
11334000,San Anselmo Ave,L,R,Mon,13-15,San Buenaventura Way  -  Santa Paula Ave,,,
11339000,San Anselmo Ave,L,R,Mon,13-15,San Andreas Way  -  San Buenaventura Way,,,
11358000,San Bruno Ave,L,R,Mon,6-8,San Bruno Ave  -  22nd St,,,
11467101,San Jose Ave,L,R,Fri,8-10,Farragut Ave  -  Plymouth Ave,,,
11438101,San Jose Ave,L,R,Fri,9-11,30th St  -  Kingston St,,,
11467202,San Jose Ave,R,L,Wed,8-10,Lawrence Ave  -  I-280 S Off Ramp,,,
11440101,San Jose Ave,L,R,Fri,8-10,Theresa St  -  Cotter St,,,
11438201,San Jose Ave,R,L,Thu,7-9,30th St  -  Dolores St,,,
11458201,San Jose Ave,R,L,Wed,8-10,Geneva Ave  -  Niagara Ave,,,
11472000,San Jose Ave,R,L,Wed,8-10,Goethe St  -  Wilson St,,,
11439106,San Jose Ave,L,R,Fri,8-10,Tingley St  -  Theresa St,,,
11467204,San Jose Ave,R,L,Wed,8-10,Sagamore St  -  Plymouth Ave,,,
11468201,San Jose Ave,R,L,Wed,8-10,Plymouth Ave  -  Alemany Blvd,,,
11441201,San Jose Ave,R,L,Wed,8-10,Cotter St  -  Capistrano Ave,,,
11458101,San Jose Ave,L,R,Fri,8-10,Geneva Ave  -  Niagara Ave,,,
11438103,San Jose Ave,L,R,Fri,9-11,Brook St  -  Randall St,,,
11468101,San Jose Ave,L,R,Fri,8-10,Plymouth Ave  -  Alemany Blvd,,,
11440201,San Jose Ave,R,L,Wed,8-10,Theresa St  -  Cotter St,,,
11441101,San Jose Ave,L,R,Fri,8-10,Cotter St  -  Capistrano Ave,,,
11438102,San Jose Ave,L,R,Fri,9-11,Kingston St  -  Brook St,,,
11467201,San Jose Ave,R,L,Wed,8-10,Farragut Ave  -  Lawrence Ave,,,
11436101,San Jose Ave,L,R,Fri,9-11,Guerrero St  -  29th St,,,
11467203,San Jose Ave,R,L,Wed,8-10,I-280 S Off Ramp  -  Sagamore St,,,
11437101,San Jose Ave,L,R,Fri,9-11,29th St  -  30th St,,,
11439201,San Jose Ave,R,L,Thu,8-10,Randall St  -  San Jose Av Off Ramp,,,
11496101,San Marcos Ave,L,R,Tues,9-11,Unnamed 032 - Split Street,,,
11492000,San Marcos Ave,R,L,Tues,8-10,Castenada Ave  -  Santa Rita Ave,,,
11495101,San Marcos Ave,L,R,Tues,9-11,Santa Rita - Unnamed 032,,,
11495201,San Marcos Ave,R,L,Mon,9-11,Santa Rita Ave  -  Unnamed 031,,,
11496201,San Marcos Ave,R,L,Mon,9-11,Unnamed 031  -  Street Split,,,
11493000,San Marcos Ave,R,L,Tues,9-11,Dorantes Ave  -  Castenada Ave,,,
11494000,San Marcos Ave,L,R,Tues,9-11,Castenada Ave  -  Santa Rita Ave,,,
11521101,Sanchez St,L,R,Fri,9-11,20th St  -  Liberty St,,,
11520000,Sanchez St,L,R,Fri,9-11,Cumberland St  -  20th St,,,
11561000,Sansome St,L,R,Tues,2-6,Lombard St  -  Chestnut St,,,
11568000,Santa Clara Ave,R,L,Tues,12-14,Portola Dr  -  Yerba Buena Ave,,,
11588101,Santa Rita Ave,R,L,Tues,8-10,Mesa Ave - San Marcos Ave,,,
11587000,Santa Rita Ave,R,L,Mon,9-11,Sotelo Ave  -  Mesa Ave,,,
11588201,Santa Rita Ave,R,L,Mon,9-11,Mesa Ave - San Marcos Ave,,,
11676000,Schwerin St,R,L,Wed,8-11,Kelloch Ave  -  Velasco Ave,,,
5128000,Seacliff Ave,L,R,Mon,9-11,Seacliff Ave  -  El Camino Del Mar,,,
11729000,Seacliff Ave,R,L,Mon,9-11,El Camino Del Mar  -  End: 301-499 Block,,,
11938000,Skyline Blvd,R,L,Sat,0-2,Sloat Blvd  -  Lake Merced Blvd,,,
11957101,Sloat Blvd,L,R,Wed,8-10,Everglade Dr  -  Lakeshore Plz,,,
11959103,Sloat Blvd,L,R,Wed,8-10,Sunset Blvd On Ramp  -  Sunset Blvd Off Ramp,,,
11951101,Sloat Blvd,L,R,Wed,8-10,19th Ave  -  20th Ave,,,
11958101,Sloat Blvd,L,R,Wed,8-10,Lakeshore Plz  -  34th Ave,,,
11952201,Sloat Blvd,R,L,Wed,8-10,21st Ave  -  23rd Ave,,,
11953201,Sloat Blvd,R,L,Wed,8-10,23rd Ave  -  Gabilan Way,,,
11956201,Sloat Blvd,R,L,Wed,8-10,El Mirasol Pl  -  Everglade Dr,,,
11959201,Sloat Blvd,R,L,Wed,8-10,34th Ave  -  35th Ave,,,
11959105,Sloat Blvd,L,R,Wed,8-10,Sunset Blvd On Ramp  -  39th Ave,,,
11959202,Sloat Blvd,R,L,Wed,8-10,35th Ave  -  36th Ave,,,
11950201,Sloat Blvd,R,L,Thu,8-10,Portola Dr  -  Ardenwood Way,,,
11959204,Sloat Blvd,R,L,Wed,8-10,37th Ave  -  39th Ave,,,
11953101,Sloat Blvd,L,R,Wed,8-10,23rd Ave  -  24th Ave,,,
11954101,Sloat Blvd,L,R,Wed,8-10,26th Ave  -  Inverness Dr,,,
11951102,Sloat Blvd,L,R,Wed,8-10,20th Ave  -  21st Ave,,,
11956103,Sloat Blvd,L,R,Wed,8-10,Riverton Dr  -  Springfield Dr,,,
11954201,Sloat Blvd,R,L,Wed,8-10,26th Ave  -  Paraiso Pl,,,
11955102,Sloat Blvd,L,R,Wed,8-10,Meadowbrook Dr  -  Sylvan Dr,,,
11955201,Sloat Blvd,R,L,Wed,8-10,Forest View Dr  -  Vale Ave,,,
11953103,Sloat Blvd,L,R,Wed,8-10,25th Ave  -  26th Ave,,,
11956101,Sloat Blvd,L,R,Wed,8-10,El Mirasol Pl  -  Middlefield Dr,,,
11951201,Sloat Blvd,R,L,Wed,8-10,19th Ave  -  21st Ave,,,
11955103,Sloat Blvd,L,R,Wed,8-10,Sylvan Dr  -  El Mirasol Pl,,,
11959104,Sloat Blvd,L,R,Wed,8-10,Sunset Blvd Off Ramp  -  Sunset Blvd On Ramp,,,
11952102,Sloat Blvd,L,R,Wed,8-10,22nd Ave  -  23rd Ave,,,
11959102,Sloat Blvd,L,R,Wed,8-10,Sunset Blvd Off Ramp  -  Sunset Blvd On Ramp,,,
11955202,Sloat Blvd,R,L,Wed,8-10,Vale Ave  -  Palos Pl,,,
11954202,Sloat Blvd,R,L,Wed,8-10,Paraiso Pl  -  Goleta Ave,,,
11954102,Sloat Blvd,L,R,Wed,8-10,Inverness Dr  -  Forest View Dr,,,
11950102,Sloat Blvd,L,R,Wed,8-10,Cranleigh Dr  -  Lagunitas Dr,,,
11959101,Sloat Blvd,L,R,Wed,8-10,34th Ave  -  Sunset Blvd Off Ramp,,,
11953202,Sloat Blvd,R,L,Wed,8-10,Gabilan Way  -  26th Ave,,,
11950101,Sloat Blvd,L,R,Wed,8-10,Portola Dr  -  Cranleigh Dr,,,
11950103,Sloat Blvd,L,R,Wed,8-10,Lagunitas Dr  -  Beachmont Dr,,,
11955101,Sloat Blvd,L,R,Wed,8-10,Forest View Dr  -  Meadowbrook Dr,,,
11950203,Sloat Blvd,R,L,Thu,8-10,Ardenwood Way  -  Avon Way,,,
11955203,Sloat Blvd,R,L,Wed,8-10,Palos Pl  -  El Mirasol Pl,,,
11950104,Sloat Blvd,L,R,Wed,8-10,Beachmont Dr  -  19th Ave,,,
11952101,Sloat Blvd,L,R,Wed,8-10,21st Ave  -  22nd Ave,,,
11956104,Sloat Blvd,L,R,Wed,8-10,Springfield Dr  -  Everglade Dr,,,
11954203,Sloat Blvd,R,L,Wed,8-10,Goleta Ave  -  Forest View Dr,,,
11957201,Sloat Blvd,R,L,Wed,8-10,Everglade Dr  -  Lakeshore Plz,,,
11959203,Sloat Blvd,R,L,Wed,8-10,36th Ave  -  37th Ave,,,
11953102,Sloat Blvd,L,R,Wed,8-10,24th Ave  -  25th Ave,,,
11956102,Sloat Blvd,L,R,Wed,8-10,Middlefield Dr  -  Riverton Dr,,,
11958201,Sloat Blvd,R,L,Wed,8-10,Lakeshore Plz  -  34th Ave,,,
11950204,Sloat Blvd,R,L,Thu,8-10,Avon Way  -  19th Ave,,,
12017202,South Van Ness Ave,R,L,Tues,0-6,Plum St  -  Howard St,,,
12016201,South Van Ness Ave,R,L,Wed,0-2,Mission St  -  12th St,,,
12015201,South Van Ness Ave,R,L,Tues,0-6,Market St  -  Mission St,,,
12015101,South Van Ness Ave,L,R,Fri,0-2,Market St  -  Mission St,,,
12017101,South Van Ness Ave,L,R,Sun,4-6,12th St  -  Howard St,,,
12016101,South Van Ness Ave,L,R,Tues,0-6,Mission St  -  12th St,,,
12017201,South Van Ness Ave,R,L,Mon,0-2,12th St  -  Plum St,,,
12019201,South Van Ness Ave,R,L,Mon,6-8,13th St  -  14th St,,,
12019101,South Van Ness Ave,L,R,Tues,6-8,13th St  -  Erie St,,,
12019102,South Van Ness Ave,L,R,Thu,6-8,Erie St  -  14th St,,,
12018101,South Van Ness Ave,L,R,Mon,0-2,Howard St  -  13th St,,,
12018201,South Van Ness Ave,R,L,Mon,0-2,Howard St  -  13th St,,,
12222000,Stockton St,R,L,Thu,2-6,Bay St  -  North Point St,,,
12223000,Stockton St,R,L,Wed,2-6,North Point St  -  Beach St,,,
12199001,Stockton St,L,R,Mon,2-6,Sutter St  -  Bush St,,,
12203000,Stockton St,L,R,Mon,2-6,California St  -  End: 700-767 Block,,,
12227000,Stonecrest Dr,R,L,Mon,8-10,Junipero Serra Blvd  -  Junipero Serra Blvd,,,
12233000,Stoneman St,R,L,Fri,9-11,Manchester St  -  Shotwell St,,,
12232000,Stoneman St,R,L,Fri,9-11,Folsom St  -  Manchester St,,,
12245000,Stratford Dr,R,L,Mon,8-10,Junipero Serra Blvd  -  Junipero Serra Blvd,,,
12251000,Sumner St,R,L,Fri,4-6,Howard St  -  Clementina St,,,
12498000,Teresita Blvd,R,L,Mon,7-8,Portola Dr  -  Juanita Way,,,
12582101,Thomas Mellon Dr,L,R,Fri,10-15,Thomas Mellon Cir  -  Executive Park Blvd,,,
12582201,Thomas Mellon Dr,R,L,Fri,10-15,Thomas Mellon Cir  -  Executive Park Blvd,,,
12666000,Townsend St,R,L,Mon,0-6,07th St  -  08th St,,,
12667000,Townsend St,R,L,Wed,0-6,08th St  -  Division St,,,
12679000,Treat Ave,R,L,Tues,0-6,Alameda St  -  Alabama St,,,
12680000,Treat Ave,R,L,Tues,0-6,Alabama St  -  15th St,,,
12837000,Union St,L,R,Wed,7-8,Montgomery St  -  Castle St,,,
12838000,Union St,L,R,Wed,7-8,Castle St  -  Kearny St,,,
13052101,Valencia St,R,L,Fri,6-8,Market St  -  McCoppin St,,,
13052201,Valencia St,L,R,Tues,6-8,Market St  -  McCoppin St,,,
13124101,Valletta Ct,R,L,Thu,12-14,Malta Dr  -  Valletta Ct,,,
13124201,Valletta Ct,R,L,Mon,12-14,Malta Dr  -  Valletta Ct,,,
13157101,Van Ness Ave,L,R,Holiday,4-6,Pine St  -  California St,,,
13156201,Van Ness Ave,R,L,Fri,2-6,Bush St  -  Austin St,,,
13151102,Van Ness Ave,L,R,Tues,2-6,Olive St  -  O'Farrell St,,,
13161201,Van Ness Ave,R,L,Mon,2-6,Washington St  -  Jackson St,,,
13159101,Van Ness Ave,L,R,Tues,2-6,Sacramento St  -  Clay St,,,
13146101,Van Ness Ave,L,R,Mon,2-6,Grove St  -  McAllister St,,,
13161101,Van Ness Ave,L,R,Sun,4-6,Washington St  -  Jackson St,,,
13155101,Van Ness Ave,L,R,Mon,2-6,Sutter St  -  Fern St,,,
13149101,Van Ness Ave,L,R,Fri,2-6,Turk St  -  Larch St,,,
13154101,Van Ness Ave,L,R,Mon,2-6,Post St  -  Daniel Burnham Ct,,,
13156102,Van Ness Ave,L,R,Sun,4-6,Austin St  -  Pine St,,,
13148101,Van Ness Ave,L,R,Mon,2-6,Golden Gate Ave  -  Turk St,,,
13155201,Van Ness Ave,R,L,Thu,2-6,Sutter St  -  Fern St,,,
13154202,Van Ness Ave,R,L,Sat,4-6,Hemlock St  -  Sutter St,,,
13165101,Van Ness Ave,L,R,Tues,6-8,Vallejo St  -  Green St,,,
13163201,Van Ness Ave,R,L,Wed,6-8,Pacific Ave  -  Broadway,,,
13147101,Van Ness Ave,L,R,Mon,2-6,McAllister St  -  Golden Gate Ave,,,
13156202,Van Ness Ave,R,L,Wed,2-6,Austin St  -  Pine St,,,
13153202,Van Ness Ave,R,L,Thu,2-6,Cedar St  -  Post St,,,
13146201,Van Ness Ave,R,L,Thu,2-6,Grove St  -  McAllister St,,,
13154201,Van Ness Ave,R,L,Holiday,4-6,Post St  -  Hemlock St,,,
13153101,Van Ness Ave,L,R,Fri,2-6,Geary Blvd  -  Post St,,,
13166201,Van Ness Ave,R,L,Wed,6-8,Green St  -  Union St,,,
13149201,Van Ness Ave,R,L,Fri,2-6,Turk St  -  Eddy St,,,
13160201,Van Ness Ave,R,L,Sun,4-6,Clay St  -  Washington St,,,
13144101,Van Ness Ave,L,R,Holiday,4-6,Fell St  -  Hayes St,,,
13145201,Van Ness Ave,R,L,Mon,2-6,Hayes St  -  Lech Walesa St,,,
13158201,Van Ness Ave,R,L,Thu,2-6,California St  -  Sacramento St,,,
13143101,Van Ness Ave,L,R,Tues,2-6,Market St  -  Oak St,,,
13152101,Van Ness Ave,L,R,Wed,2-6,O'Farrell St  -  Myrtle St,,,
13151202,Van Ness Ave,R,L,Mon,2-6,Olive St  -  O'Farrell St,,,
13153201,Van Ness Ave,R,L,Wed,2-6,Geary Blvd  -  Cedar St,,,
13150101,Van Ness Ave,L,R,Tues,2-6,Eddy St  -  Willow St,,,
13147202,Van Ness Ave,R,L,Sun,4-6,Redwood St  -  Golden Gate Ave,,,
13154102,Van Ness Ave,L,R,Sat,4-6,Daniel Burnham Ct  -  Sutter St,,,
13152202,Van Ness Ave,R,L,Mon,2-6,Alice B Toklas Pl  -  Geary Blvd,,,
13155202,Van Ness Ave,R,L,Holiday,4-6,Fern St  -  Bush St,,,
13149102,Van Ness Ave,L,R,Tues,2-6,Larch St  -  Eddy St,,,
13145101,Van Ness Ave,L,R,Holiday,4-6,Hayes St  -  Grove St,,,
13164101,Van Ness Ave,L,R,Tues,6-8,Broadway  -  Vallejo St,,,
13162201,Van Ness Ave,R,L,Mon,6-8,Jackson St  -  Pacific Ave,,,
13150202,Van Ness Ave,R,L,Thu,2-6,Willow St  -  Ellis St,,,
13163101,Van Ness Ave,L,R,Thu,6-8,Pacific Ave  -  Broadway,,,
13143102,Van Ness Ave,L,R,Thu,2-6,Oak St  -  Hickory St,,,
13164201,Van Ness Ave,R,L,Fri,6-8,Broadway  -  Vallejo St,,,
13173101,Van Ness Ave,L,R,Fri,6-8,Bay St  -  North Point St,,,
13152201,Van Ness Ave,R,L,Thu,2-6,O'Farrell St  -  Alice B Toklas Pl,,,
13158101,Van Ness Ave,L,R,Thu,2-6,California St  -  Sacramento St,,,
13151101,Van Ness Ave,L,R,Wed,2-6,Ellis St  -  Olive St,,,
13150102,Van Ness Ave,L,R,Fri,2-6,Willow St  -  Ellis St,,,
13166101,Van Ness Ave,L,R,Thu,6-8,Green St  -  Union St,,,
13143201,Van Ness Ave,R,L,Thu,2-6,Market St  -  Fell St,,,
13156101,Van Ness Ave,L,R,Fri,2-6,Bush St  -  Austin St,,,
13145202,Van Ness Ave,R,L,Holiday,4-6,Lech Walesa St  -  Grove St,,,
13148201,Van Ness Ave,R,L,Sun,4-6,Golden Gate Ave  -  Elm St,,,
13143103,Van Ness Ave,L,R,Tues,2-6,Hickory St  -  Fell St,,,
13171201,Van Ness Ave,R,L,Thu,8-10,Chestnut St  -  Francisco St,,,
13157201,Van Ness Ave,R,L,Wed,2-6,Pine St  -  California St,,,
13159201,Van Ness Ave,R,L,Mon,2-6,Sacramento St  -  Clay St,,,
13150201,Van Ness Ave,R,L,Thu,2-6,Eddy St  -  Willow St,,,
13168101,Van Ness Ave,L,R,Mon,8-10,Filbert St  -  Greenwich St,,,
13152102,Van Ness Ave,L,R,Tues,2-6,Myrtle St  -  Geary Blvd,,,
13174201,Van Ness Ave,R,L,Tues,6-8,North Point St  -  End:  Block,,,
13144201,Van Ness Ave,R,L,Thu,2-6,Fell St  -  Hayes St,,,
13173201,Van Ness Ave,R,L,Tues,6-8,Bay St  -  North Point St,,,
13170201,Van Ness Ave,R,L,Thu,8-10,Lombard St  -  Chestnut St,,,
13167101,Van Ness Ave,L,R,Mon,8-10,Union St  -  Filbert St,,,
13171101,Van Ness Ave,L,R,Mon,8-10,Chestnut St  -  Francisco St,,,
13147201,Van Ness Ave,R,L,Sun,4-6,McAllister St  -  Redwood St,,,
13151201,Van Ness Ave,R,L,Tues,2-6,Ellis St  -  Olive St,,,
13160101,Van Ness Ave,L,R,Thu,2-6,Clay St  -  Washington St,,,
13148202,Van Ness Ave,R,L,Sat,4-6,Elm St  -  Turk St,,,
13169101,Van Ness Ave,L,R,Mon,7-8,Greenwich St  -  Lombard St,,,
13155102,Van Ness Ave,L,R,Sat,4-6,Fern St  -  Bush St,,,
13172201,Van Ness Ave,R,L,Tues,6-8,Francisco St  -  Bay St,,,
13162101,Van Ness Ave,L,R,Sat,4-6,Jackson St  -  Pacific Ave,,,
13165201,Van Ness Ave,R,L,Wed,6-8,Vallejo St  -  Green St,,,
13169201,Van Ness Ave,R,L,Thu,8-10,Greenwich St  -  Lombard St,,,
13174101,Van Ness Ave,L,R,Fri,6-8,North Point St  -  End:  Block,,,
13168201,Van Ness Ave,R,L,Thu,8-10,Filbert St  -  Greenwich St,,,
13170101,Van Ness Ave,L,R,Mon,8-10,Lombard St  -  Chestnut St,,,
13172101,Van Ness Ave,L,R,Mon,7-8,Francisco St  -  Bay St,,,
13167201,Van Ness Ave,R,L,Thu,8-10,Union St  -  Filbert St,,,
13184000,Vasquez Ave,R,L,Mon,9-11,Garcia Ave  -  Pacheco St,,,
13185000,Vasquez Ave,R,L,Mon,9-11,Pacheco St  -  Garcia Ave,,,
13216001,Vermont St,L,R,Mon,9-11,20th St - Vermont St,,,
13216000,Vermont St,R,L,Wed,9-11,20th St  -  21st St,,,
13294101,Vidal Dr,L,R,Mon,9-11,Unnamed 112  -  Garces Dr,,,
13291101,Vidal Dr,L,R,Mon,9-11,Arballo Dr  -  Acevedo Ave,,,
13291102,Vidal Dr,L,R,Mon,9-11,Acevedo Ave  -  Higuera Ave,,,
13293101,Vidal Dr,L,R,Mon,9-11,Higuera Ave  -  Unnamed #112,,,
13005000,Vidal Dr,R,L,Mon,9-11,Acevedo Ave  -  Higuera Ave,,,
13292101,Vidal Dr,L,R,Mon,9-11,Higuera Ave  -  Higuera Ave,,,
13354000,Wallace Ave,R,L,Fri,4-6,Wallace Ave  -  Ingalls St,,,
13355000,Wallace Ave,R,L,Fri,4-6,Ingalls St  -  Jennings St,,,
13381000,Walnut St,L,R,Wed,9-11,Pacific Ave  -  Jackson St,,,
13456000,Waterloo St,L,R,Tues,0-6,Marengo St  -  Bay Shore Blvd,,,
13455000,Waterloo St,L,R,Tues,0-6,Loomis St  -  Marengo St,,,
13463000,Watt Ave,L,R,Tues,9-11,Knott Ct  -  End: 57-99 Block,,,
13531201,Webster St,R,L,Fri,12-14,Grove St  -  Fulton St,,,
13540101,Webster St,L,R,Mon,11-13,Post St  -  Sutter St,,,
13540201,Webster St,R,L,Wed,6-8,Post St  -  Sutter St,,,
13538201,Webster St,R,L,Fri,12-14,O'Farrell St  -  Geary Blvd,,,
13533101,Webster St,L,R,Wed,8-10,McAllister St  -  Golden Gate Ave,,,
13536101,Webster St,L,R,Wed,8-10,Eddy St  -  Ellis St,,,
13535201,Webster St,R,L,Fri,12-14,Turk St  -  Eddy St,,,
13539201,Webster St,R,L,Wed,6-8,Geary Blvd  -  Post St,,,
13541101,Webster St,L,R,Mon,11-13,Sutter St  -  Bush St,,,
13531101,Webster St,L,R,Wed,8-10,Grove St  -  Fulton St,,,
13530101,Webster St,L,R,Mon,8-10,Ivy St  -  Grove St,,,
13532101,Webster St,L,R,Wed,8-10,Fulton St  -  McAllister St,,,
13535101,Webster St,L,R,Mon,8-10,Turk St  -  Eddy St,,,
13536201,Webster St,R,L,Fri,12-14,Eddy St  -  Ellis St,,,
13538101,Webster St,L,R,Mon,8-10,O'Farrell St  -  Geary Blvd,,,
13533201,Webster St,R,L,Fri,12-14,McAllister St  -  Golden Gate Ave,,,
13532201,Webster St,R,L,Fri,12-14,Fulton St  -  McAllister St,,,
13539101,Webster St,L,R,Mon,6-8,Geary Blvd  -  Post St,,,
13534101,Webster St,L,R,Wed,8-10,Golden Gate Ave  -  Turk St,,,
13537201,Webster St,R,L,Fri,12-14,Ellis St  -  O'Farrell St,,,
13541201,Webster St,R,L,Wed,6-8,Bush St  -  Sutter St,,,
13537101,Webster St,L,R,Wed,8-10,Ellis St  -  O'Farrell St,,,
13530201,Webster St,R,L,Fri,12-14,Ivy St  -  Grove St,,,
13534201,Webster St,R,L,Fri,12-14,Golden Gate Ave  -  Turk St,,,
13576000,West Point Rd,R,L,Thu,8-10,Middle Point Rd  -  Middle Point Rd,,,
13576001,West Point Rd,L,R,Fri,9-11,Middle Point Rd  -  Middle Point Rd,,,
13579101,West Portal Ave,L,R,Thu,5-7,14th Ave  -  15th Ave,,,
13579201,West Portal Ave,R,L,Mon,5-7,14th Ave  -  15th Ave,,,
13578101,West Portal Ave,L,R,Mon,5-7,Vicente St  -  14th Ave,,,
13580101,West Portal Ave,L,R,Tues,5-7,15th Ave  -  Sloat Blvd,,,
13578201,West Portal Ave,R,L,Mon,5-7,Vicente St  -  14th Ave,,,
13577201,West Portal Ave,R,L,Wed,5-7,Ulloa St  -  Vicente St,,,
13580201,West Portal Ave,R,L,Thu,8-10,15th Ave  -  Sloat Blvd,,,
13577101,West Portal Ave,L,R,Sun,5-7,Ulloa St  -  Vicente St,,,
13656000,Williams Ave,R,L,Thu,12-14,Diana St  -  Neptune St,,,
13675201,Winding Way,R,L,Tues,12-14,Drake St  -  Prague St,,,
13686201,Winston Dr,R,L,Tues,7-8,20th Ave  -  Buckingham Way,,,
13685201,Winston Dr,R,L,Tues,7-8,19th Ave  -  20th Ave,,,
13686101,Winston Dr,L,R,Tues,7-8,20th Ave  -  Buckingham Way,,,
13685101,Winston Dr,L,R,Tues,7-8,19th Ave  -  20th Ave,,,
13692000,Wisconsin St,R,L,Wed,0-6,08th St  -  16th St,,,
13714201,Woodside Ave,R,L,Wed,13-15,Balceta Ave  -  Hernandez Ave,,,
13717201,Woodside Ave,R,L,Wed,13-15,Ulloa St  -  Portola Dr,,,
13713201,Woodside Ave,R,L,Wed,13-15,Vasquez Ave  -  Balceta Ave,,,
13716101,Woodside Ave,L,R,Sun,5-7,Idora Ave  -  Ulloa St,,,
13712201,Woodside Ave,R,L,Wed,13-15,Laguna Honda Blvd  -  Vasquez Ave,,,
13717101,Woodside Ave,L,R,Sun,5-7,Ulloa St  -  Portola Dr,,,
13716201,Woodside Ave,R,L,Wed,13-15,Idora Ave  -  Ulloa St,,,
13715101,Woodside Ave,L,R,Sun,5-7,Hernandez Ave  -  Idora Ave,,,
13714101,Woodside Ave,L,R,Sun,5-7,Balceta Ave  -  Hernandez Ave,,,
13713101,Woodside Ave,L,R,Sun,5-7,Vasquez Ave  -  Balceta Ave,,,
13712101,Woodside Ave,L,R,Sun,5-7,Laguna Honda Blvd  -  Vasquez Ave,,,
13715201,Woodside Ave,R,L,Wed,13-15,Hernandez Ave  -  Idora Ave,,,
13760000,Yorba St,L,R,Fri,12-14,Sunset Blvd  -  37th Ave,,,
13764000,Yorba St,R,L,Fri,12-14,40th Ave  -  Yorba St,,,
13779000,Yosemite Ave,L,R,Fri,4-6,Hawes St  -  Ingalls St,,,
